{"_id":{"$oid":"66056654ad9b57846bdc8617"},"name":"Development","identifier":"ddj4P4TbQvhv","_organizationId":{"$oid":"66056654ad9b57846bdc8611"},"apiKeys":[{"key":"841721acd9c72600459424928e03be23","_userId":{"$oid":"66056645ad9b57846bdc8605"},"_id":{"$oid":"66056654ad9b57846bdc8618"}}],"widget":{"notificationCenterEncryption":false},"createdAt":{"$date":"2024-03-28T12:45:08.237Z"},"updatedAt":{"$date":"2024-03-28T12:45:08.237Z"},"__v":0}
{"_id":{"$oid":"66056654ad9b57846bdc863e"},"name":"Production","identifier":"KOZiPwFRZJVF","_organizationId":{"$oid":"66056654ad9b57846bdc8611"},"apiKeys":[{"key":"967b2c6ea3cded8b8c2e83a675fd042e","_userId":{"$oid":"66056645ad9b57846bdc8605"},"_id":{"$oid":"66056654ad9b57846bdc863f"}}],"widget":{"notificationCenterEncryption":false},"_parentId":{"$oid":"66056654ad9b57846bdc8617"},"createdAt":{"$date":"2024-03-28T12:45:08.373Z"},"updatedAt":{"$date":"2024-03-28T12:45:08.373Z"},"__v":0}
