{"_id":{"$oid":"64f2f9b3b873e8d160099224"},"_environmentId":{"$oid":"64cb24c6c71ed8ee9174f74b"},"_organizationId":{"$oid":"64cb24c6c71ed8ee9174f71f"},"_creatorId":{"$oid":"64cb24c1c71ed8ee9174f716"},"_parentId":{"$oid":"64cb24c6c71ed8ee9174f730"},"name":"Default Layout","description":"The default layout created by Novu","variables":[{"name":"branding.logo","type":"String","required":false,"defaultValue":"","_id":{"$oid":"64cb24c6c71ed8ee9174f731"}},{"name":"preheader","type":"Boolean","required":false,"defaultValue":true,"_id":{"$oid":"64cb24c6c71ed8ee9174f732"}},{"name":"preheader","type":"String","required":false,"defaultValue":"","_id":{"$oid":"64cb24c6c71ed8ee9174f733"}},{"name":"branding.color","type":"Boolean","required":false,"defaultValue":true,"_id":{"$oid":"64cb24c6c71ed8ee9174f734"}},{"name":"branding.color","type":"String","required":false,"defaultValue":"","_id":{"$oid":"64cb24c6c71ed8ee9174f735"}}],"content":"<!DOCTYPE html PUBLIC \"-//W3C//DTD XHTML 1.0 Strict//EN\" \"http://www.w3.org/TR/xhtml1/DTD/xhtml1-strict.dtd\">\n<html\n  data-editor-version=\"2\"\n  class=\"sg-campaigns\"\n  xmlns=\"http://www.w3.org/1999/xhtml\"\n>\n<head>\n  <meta http-equiv=\"Content-Type\" content=\"text/html; charset=utf-8\" />\n  <meta\n    name=\"viewport\"\n    content=\"width=device-width, initial-scale=1, minimum-scale=1, maximum-scale=1\"\n  />\n  <!--[if !mso]><!-->\n  <meta http-equiv=\"X-UA-Compatible\" content=\"IE=Edge\" />\n  <!--<![endif]-->\n  <!--[if (gte mso 9)|(IE)]>\n  <xml>\n    <o:OfficeDocumentSettings>\n      <o:AllowPNG />\n      <o:PixelsPerInch>96</o:PixelsPerInch>\n    </o:OfficeDocumentSettings>\n  </xml>\n  <![endif]-->\n  <!--[if (gte mso 9)|(IE)]>\n  <style type='text/css'>\n    body {\n      width: 600px;\n      margin: 0 auto;\n    }\n\n    table {\n      border-collapse: collapse;\n    }\n\n    table,\n    td {\n      mso-table-lspace: 0pt;\n      mso-table-rspace: 0pt;\n    }\n\n    img {\n      -ms-interpolation-mode: bicubic;\n    }\n  </style>\n  <![endif]-->\n  <style type=\"text/css\">\n    body,\n    p,\n    div {\n      font-family: verdana, geneva, sans-serif;\n      font-size: 16px;\n    }\n\n    body {\n      color: #516775;\n    }\n\n    body a {\n      color: #993300;\n      text-decoration: none;\n    }\n\n    p {\n      margin: 0;\n      padding: 0;\n    }\n\n    table.wrapper {\n      width: 100% !important;\n      table-layout: fixed;\n      -webkit-font-smoothing: antialiased;\n      -webkit-text-size-adjust: 100%;\n      -moz-text-size-adjust: 100%;\n      -ms-text-size-adjust: 100%;\n    }\n\n    img.max-width {\n      max-width: 100% !important;\n    }\n\n    .column.of-2 {\n      width: 50%;\n    }\n\n    .column.of-3 {\n      width: 33.333%;\n    }\n\n    .column.of-4 {\n      width: 25%;\n    }\n\n    @media screen and (max-width: 480px) {\n\n      .preheader .rightColumnContent,\n      .footer .rightColumnContent {\n        text-align: left !important;\n      }\n\n      .preheader .rightColumnContent div,\n      .preheader .rightColumnContent span,\n      .footer .rightColumnContent div,\n      .footer .rightColumnContent span {\n        text-align: left !important;\n      }\n\n      .preheader .rightColumnContent,\n      .preheader .leftColumnContent {\n        font-size: 80% !important;\n        padding: 5px 0;\n      }\n\n      table.wrapper-mobile {\n        width: 100% !important;\n        table-layout: fixed;\n      }\n\n      img.max-width {\n        height: auto !important;\n        max-width: 100% !important;\n      }\n\n      a.bulletproof-button {\n        display: block !important;\n        width: auto !important;\n        font-size: 80%;\n        padding-left: 0 !important;\n        padding-right: 0 !important;\n      }\n\n      .columns {\n        width: 100% !important;\n      }\n\n      .column {\n        display: block !important;\n        width: 100% !important;\n        padding-left: 0 !important;\n        padding-right: 0 !important;\n        margin-left: 0 !important;\n        margin-right: 0 !important;\n      }\n\n      .social-icon-column {\n        display: inline-block !important;\n      }\n    }\n  </style>\n  <!--user entered Head Start-->\n\n  <!--End Head user entered-->\n</head>\n<body bgcolor=\"#f9f9f9\">\n{{#if preheader}}\n  <div style=\"display: none; max-height: 0px; overflow: hidden;\">\n    {{preheader}}\n    &nbsp;&zwnj;&nbsp;&zwnj;&nbsp;&zwnj;&nbsp;&zwnj;&nbsp;&zwnj;&nbsp;&zwnj;&nbsp;&zwnj;&nbsp;&zwnj;&nbsp;&zwnj;&nbsp;&zwnj;&nbsp;&zwnj;&nbsp;&zwnj;&nbsp;&zwnj;&nbsp;&zwnj;&nbsp;&zwnj;&nbsp;&zwnj;&nbsp;&zwnj;&nbsp;&zwnj;&nbsp;&zwnj;&nbsp;&zwnj;&nbsp;&zwnj;&nbsp;&zwnj;&nbsp;&zwnj;&nbsp;&zwnj;&nbsp;&zwnj;&nbsp;&zwnj;&nbsp;&zwnj;&nbsp;&zwnj;&nbsp;&zwnj;&nbsp;&zwnj;&nbsp;&zwnj;&nbsp;&zwnj;&nbsp;&zwnj;&nbsp;&zwnj;&nbsp;&zwnj;&nbsp;&zwnj;&nbsp;&zwnj;&nbsp;&zwnj;&nbsp;&zwnj;&nbsp;&zwnj;&nbsp;&zwnj;&nbsp;&zwnj;&nbsp;&zwnj;&nbsp;&zwnj;&nbsp;&zwnj;&nbsp;&zwnj;&nbsp;&zwnj;&nbsp;&zwnj;&nbsp;&zwnj;&nbsp;&zwnj;&nbsp;&zwnj;&nbsp;&zwnj;&nbsp;&zwnj;&nbsp;&zwnj;&nbsp;&zwnj;&nbsp;&zwnj;&nbsp;&zwnj;&nbsp;&zwnj;&nbsp;&zwnj;&nbsp;&zwnj;&nbsp;&zwnj;&nbsp;&zwnj;&nbsp;&zwnj;&nbsp;&zwnj;&nbsp;&zwnj;&nbsp;&zwnj;&nbsp;&zwnj;&nbsp;&zwnj;&nbsp;&zwnj;&nbsp;&zwnj;&nbsp;&zwnj;&nbsp;&zwnj;&nbsp;&zwnj;&nbsp;&zwnj;&nbsp;&zwnj;&nbsp;&zwnj;&nbsp;&zwnj;&nbsp;&zwnj;&nbsp;&zwnj;&nbsp;&zwnj;&nbsp;&zwnj;&nbsp;&zwnj;&nbsp;&zwnj;&nbsp;&zwnj;&nbsp;&zwnj;&nbsp;&zwnj;&nbsp;&zwnj;&nbsp;&zwnj;&nbsp;&zwnj;&nbsp;&zwnj;&nbsp;&zwnj;&nbsp;&zwnj;&nbsp;&zwnj;&nbsp;&zwnj;&nbsp;&zwnj;&nbsp;&zwnj;&nbsp;&zwnj;&nbsp;&zwnj;&nbsp;&zwnj;&nbsp;&zwnj;&nbsp;&zwnj;&nbsp;&zwnj;&nbsp;&zwnj;&nbsp;&zwnj;&nbsp;&zwnj;&nbsp;&zwnj;&nbsp;&zwnj;&nbsp;&zwnj;&nbsp;&zwnj;&nbsp;&zwnj;&nbsp;&zwnj;&nbsp;&zwnj;&nbsp;&zwnj;&nbsp;&zwnj;&nbsp;&zwnj;&nbsp;&zwnj;&nbsp;&zwnj;&nbsp;&zwnj;&nbsp;&zwnj;&nbsp;&zwnj;&nbsp;&zwnj;&nbsp;&zwnj;&nbsp;&zwnj;&nbsp;&zwnj;&nbsp;&zwnj;&nbsp;&zwnj;&nbsp;&zwnj;&nbsp;&zwnj;&nbsp;&zwnj;&nbsp;&zwnj;&nbsp;&zwnj;&nbsp;&zwnj;&nbsp;&zwnj;&nbsp;&zwnj;&nbsp;&zwnj;&nbsp;&zwnj;&nbsp;&zwnj;&nbsp;&zwnj;&nbsp;&zwnj;&nbsp;&zwnj;&nbsp;&zwnj;&nbsp;&zwnj;&nbsp;&zwnj;&nbsp;&zwnj;&nbsp;&zwnj;&nbsp;&zwnj;&nbsp;&zwnj;&nbsp;&zwnj;&nbsp;&zwnj;&nbsp;&zwnj;&nbsp;&zwnj;&nbsp;&zwnj;&nbsp;&zwnj;&nbsp;&zwnj;&nbsp;&zwnj;&nbsp;&zwnj;&nbsp;&zwnj;&nbsp;&zwnj;&nbsp;&zwnj;&nbsp;&zwnj;&nbsp;&zwnj;&nbsp;&zwnj;&nbsp;&zwnj;&nbsp;&zwnj;&nbsp;&zwnj;&nbsp;&zwnj;&nbsp;&zwnj;&nbsp;&zwnj;&nbsp;&zwnj;&nbsp;&zwnj;&nbsp;&zwnj;&nbsp;&zwnj;&nbsp;&zwnj;&nbsp;&zwnj;&nbsp;&zwnj;&nbsp;&zwnj;&nbsp;&zwnj;&nbsp;&zwnj;&nbsp;&zwnj;&nbsp;&zwnj;&nbsp;&zwnj;&nbsp;&zwnj;&nbsp;&zwnj;&nbsp;&zwnj;&nbsp;&zwnj;&nbsp;&zwnj;&nbsp;&zwnj;&nbsp;&zwnj;&nbsp;&zwnj;&nbsp;&zwnj;&nbsp;&zwnj;&nbsp;&zwnj;&nbsp;&zwnj;&nbsp;&zwnj;&nbsp;&zwnj;&nbsp;&zwnj;&nbsp;&zwnj;&nbsp;&zwnj;&nbsp;&zwnj;&nbsp;&zwnj;&nbsp;&zwnj;&nbsp;&zwnj;&nbsp;&zwnj;&nbsp;&zwnj;&nbsp;&zwnj;&nbsp;&zwnj;&nbsp;&zwnj;&nbsp;&zwnj;&nbsp;&zwnj;&nbsp;&zwnj;&nbsp;&zwnj;&nbsp;&zwnj;&nbsp;&zwnj;&nbsp;&zwnj;&nbsp;&zwnj;&nbsp;&zwnj;&nbsp;&zwnj;&nbsp;&zwnj;&nbsp;&zwnj;&nbsp;&zwnj;&nbsp;&zwnj;&nbsp;&zwnj;&nbsp;&zwnj;&nbsp;&zwnj;&nbsp;&zwnj;&nbsp;&zwnj;&nbsp;&zwnj;&nbsp;&zwnj;&nbsp;&zwnj;&nbsp;&zwnj;&nbsp;&zwnj;&nbsp;&zwnj;&nbsp;\n  </div>\n{{/if}}\n<center\n  class=\"wrapper\"\n  data-link-color=\"#993300\"\n  data-body-style=\"font-size:16px; font-family:verdana,geneva,sans-serif; color:#516775; background-color:#f9f9f9;\"\n>\n  <div class=\"webkit\">\n    <table\n      cellpadding=\"0\"\n      cellspacing=\"0\"\n      border=\"0\"\n      width=\"100%\"\n      class=\"wrapper\"\n      bgcolor=\"#f9f9f9\"\n    >\n      <tr>\n        <td valign=\"top\" bgcolor=\"#f9f9f9\" width=\"100%\">\n          <table\n            width=\"100%\"\n            role=\"content-container\"\n            class=\"outer\"\n            align=\"center\"\n            cellpadding=\"0\"\n            cellspacing=\"0\"\n            border=\"0\"\n          >\n            <tr>\n              <td width=\"100%\">\n                <table\n                  width=\"100%\"\n                  cellpadding=\"0\"\n                  cellspacing=\"0\"\n                  border=\"0\"\n                >\n                  <tr>\n                    <td>\n                      <!--[if mso]>\n                      <center>\n                        <table>\n                          <tr>\n                            <td width='600'>\n                      <![endif]-->\n                      <table\n                        width=\"100%\"\n                        cellpadding=\"0\"\n                        cellspacing=\"0\"\n                        border=\"0\"\n                        style=\"width: 100%; max-width: 600px\"\n                        align=\"center\"\n                      >\n                        <tr>\n                          <td\n                            role=\"modules-container\"\n                            style=\"\n                                  padding: 0px 0px 0px 0px;\n                                  color: #516775;\n                                  text-align: left;\n                                \"\n                            bgcolor=\"#f9f9f9\"\n                            width=\"100%\"\n                            align=\"left\"\n                          >\n                            <table\n                              class=\"wrapper\"\n                              role=\"module\"\n                              data-type=\"image\"\n                              border=\"0\"\n                              cellpadding=\"0\"\n                              cellspacing=\"0\"\n                              width=\"100%\"\n                              style=\"table-layout: fixed\"\n                              data-muid=\"4UqFsRLozLcypAAv4CeoFS\"\n                            >\n                              <tbody>\n                              <tr>\n                                <td\n                                  style=\"\n                                          font-size: 6px;\n                                          line-height: 10px;\n                                          padding: 30px 0px 0px 0px;\n                                        \"\n                                  valign=\"top\"\n                                  align=\"center\"\n                                >\n                                  <img\n                                    class=\"max-width\"\n                                    border=\"0\"\n                                    style=\"\n                                            display: block;\n                                            color: #000000;\n                                            text-decoration: none;\n                                            font-family: Helvetica, arial,\n                                              sans-serif;\n                                            font-size: 16px;\n                                            max-width: 240px !important;\n                                            width: 50%;\n                                            height: auto !important;\n                                          \"\n                                    src=\"{{branding.logo}}\"\n                                    alt=\"\"\n                                    width=\"200\"\n                                    data-responsive=\"true\"\n                                    data-proportionally-constrained=\"false\"\n                                  />\n                                </td>\n                              </tr>\n                              </tbody>\n                            </table>\n                            <table\n                              class=\"module\"\n                              role=\"module\"\n                              data-type=\"spacer\"\n                              border=\"0\"\n                              cellpadding=\"0\"\n                              cellspacing=\"0\"\n                              width=\"100%\"\n                              style=\"table-layout: fixed\"\n                              data-muid=\"iqe7juSSgLbdm3gXWExpsY\"\n                            >\n                              <tbody>\n                              <tr>\n                                <td\n                                  style=\"padding: 0px 0px 30px 0px\"\n                                  role=\"module-content\"\n                                  bgcolor=\"\"\n                                ></td>\n                              </tr>\n                              </tbody>\n                            </table>\n\n\n                            <table\n                              class=\"module\"\n                              role=\"module\"\n                              data-type=\"text\"\n                              border=\"0\"\n                              cellpadding=\"0\"\n                              cellspacing=\"0\"\n                              width=\"100%\"\n                              style=\"      background-color: #ffffff; border: 1px solid #efefef; table-layout: fixed; border-top: 4px solid {{#if branding.color}}{{branding.color}}{{else}}#ff6f61{{/if}};  \"\n                              data-muid=\"8VquPM2ZMj7RJRhAUE6wmF\"\n                              data-mc-module-version=\"2019-10-22\"\n                            >\n                              <tbody>\n                              <tr>\n                                <td\n                                  data-test-id=\"block-wrapper\"\n                                  style=\"\n\n                                          padding: 30px;\n                                          line-height: 30px;\n                                          text-align: inherit;\n                                        \"\n                                  height=\"100%\"\n                                  valign=\"top\"\n                                  bgcolor=\"#ffffff\"\n                                >\n                                  {{{body}}}\n                                </td>\n                              </tr>\n                              </tbody>\n                            </table>\n\n                            <table\n                              class=\"module\"\n                              role=\"module\"\n                              data-type=\"spacer\"\n                              border=\"0\"\n                              cellpadding=\"0\"\n                              cellspacing=\"0\"\n                              width=\"100%\"\n                              style=\"table-layout: fixed\"\n                              data-muid=\"h5Act64miE4yjzNnz1YMGs\"\n                            >\n                              <tbody>\n                              <tr>\n                                <td\n                                  style=\"padding: 0px 0px 30px 0px\"\n                                  role=\"module-content\"\n                                  bgcolor=\"\"\n                                ></td>\n                              </tr>\n                              </tbody>\n                            </table>\n                            <table\n                              class=\"module\"\n                              role=\"module\"\n                              data-type=\"divider\"\n                              border=\"0\"\n                              cellpadding=\"0\"\n                              cellspacing=\"0\"\n                              width=\"100%\"\n                              style=\"table-layout: fixed\"\n                              data-muid=\"jw3c3eYnz3qZ2aqby3rNPX\"\n                            >\n                              <tbody>\n                              <tr>\n                                <td\n                                  style=\"padding: 0px 0px 0px 0px\"\n                                  role=\"module-content\"\n                                  height=\"100%\"\n                                  valign=\"top\"\n                                  bgcolor=\"\"\n                                >\n\n                                </td>\n                              </tr>\n                              </tbody>\n                            </table>\n                            <table\n                              class=\"module\"\n                              role=\"module\"\n                              data-type=\"spacer\"\n                              border=\"0\"\n                              cellpadding=\"0\"\n                              cellspacing=\"0\"\n                              width=\"100%\"\n                              style=\"table-layout: fixed\"\n                              data-muid=\"noXVUxSTfKbdSVM2Xrua2t\"\n                            >\n                              <tbody>\n                              <tr>\n                                <td\n                                  style=\"padding: 0px 0px 30px 0px\"\n                                  role=\"module-content\"\n                                  bgcolor=\"\"\n                                ></td>\n                              </tr>\n                              </tbody>\n                            </table>\n                            <table\n                              class=\"module\"\n                              role=\"module\"\n                              data-type=\"spacer\"\n                              border=\"0\"\n                              cellpadding=\"0\"\n                              cellspacing=\"0\"\n                              width=\"100%\"\n                              style=\"table-layout: fixed\"\n                              data-muid=\"eAq5DwvRYWV4D7T3oBCXhH\"\n                            >\n                              <tbody>\n                              <tr>\n                                <td\n                                  style=\"padding: 0px 0px 30px 0px\"\n                                  role=\"module-content\"\n                                  bgcolor=\"\"\n                                ></td>\n                              </tr>\n                              </tbody>\n                            </table>\n                          </td>\n                        </tr>\n                      </table>\n                      <!--[if mso]>\n                      </td>\n                      </tr>\n                      </table>\n                      </center>\n                      <![endif]-->\n                    </td>\n                  </tr>\n                </table>\n              </td>\n            </tr>\n          </table>\n        </td>\n      </tr>\n    </table>\n  </div>\n</center>\n</body>\n</html>\n","contentType":"customHtml","isDefault":true,"channel":"email","deleted":false,"createdAt":{"$date":"2023-09-02T09:00:35.83Z"},"updatedAt":{"$date":"2023-09-02T09:00:35.83Z"},"__v":0}
{"_id":{"$oid":"658d3758b6e105c17a5ed732"},"_environmentId":{"$oid":"64cb24c6c71ed8ee9174f74b"},"_organizationId":{"$oid":"64cb24c6c71ed8ee9174f71f"},"_creatorId":{"$oid":"64cb24c1c71ed8ee9174f716"},"_parentId":{"$oid":"65854d61b6e105c17a5e22d0"},"name":"email layout","identifier":"email-layout","description":"email layout description","variables":[],"content":"<html>\n <body>\n  {{{body}}}\n </body>\n</html>","contentType":"customHtml","isDefault":false,"channel":"email","deleted":false,"createdAt":{"$date":"2023-12-28T08:52:40.044Z"},"updatedAt":{"$date":"2023-12-28T08:52:40.044Z"},"__v":0}
