{"_id":{"$oid":"64f2f9b5b873e8d160099284"},"name":"general-instruction","description":"This Notification will trigger when General Instruction is created and send to different roles","active":true,"draft":false,"critical":true,"isBlueprint":false,"_notificationGroupId":{"$oid":"64f2f9b1b873e8d1600991f9"},"tags":[],"triggers":[{"type":"event","identifier":"general-instruction-create","variables":[{"name":"createdby","type":"String","_id":{"$oid":"65c1d3a43d5738643e622e67"}},{"name":"RoleName","type":"String","_id":{"$oid":"65c1d3a43d5738643e622e68"}},{"name":"Title","type":"String","_id":{"$oid":"65c1d3a43d5738643e622e69"}},{"name":"Id","type":"String","_id":{"$oid":"65c1d3a43d5738643e622e6a"}},{"name":"InstructionId","type":"String","_id":{"$oid":"65c1d3a43d5738643e622e6b"}}],"reservedVariables":[],"subscriberVariables":[{"name":"email","_id":{"$oid":"65c1d3a43d5738643e622e66"}}],"_id":{"$oid":"64d1095ac71ed8ee9175583a"}}],"steps":[{"active":true,"replyCallback":{"active":false},"shouldStopOnFail":false,"uuid":"79b8c056-1b5d-4e8a-9e32-1ed70b8734e9","name":"Email","filters":[{"children":[],"_id":{"$oid":"64d1097ac71ed8ee91755883"}}],"_templateId":{"$oid":"64f2f9b4b873e8d16009925b"},"_parentId":null,"metadata":{"timed":{"weekDays":[],"monthDays":[]}},"_id":{"$oid":"64d10979c71ed8ee91755879"}},{"active":true,"shouldStopOnFail":false,"uuid":"ccc230ed-d138-4307-9a93-009f8c5ed194","name":"Push","filters":[{"children":[],"_id":{"$oid":"64d1cca6c71ed8ee91755da5"}}],"_templateId":{"$oid":"64f2f9b4b873e8d160099265"},"_parentId":{"$oid":"64d10979c71ed8ee91755879"},"metadata":{"timed":{"weekDays":[],"monthDays":[]}},"_id":{"$oid":"64d1cca6c71ed8ee91755d98"}},{"active":true,"shouldStopOnFail":false,"uuid":"acea2019-d48d-4011-a2a0-89ed3815a4c8","name":"In-App","filters":[{"value":"","children":[],"_id":{"$oid":"64d37bf5c71ed8ee917575db"}}],"_templateId":{"$oid":"64f2f9b5b873e8d16009927a"},"_parentId":{"$oid":"64d1cca6c71ed8ee91755d98"},"metadata":{"timed":{"weekDays":[],"monthDays":[]}},"_id":{"$oid":"64d37bf5c71ed8ee917575cc"}}],"preferenceSettings":{"email":true,"sms":true,"in_app":true,"chat":true,"push":true},"_environmentId":{"$oid":"64cb24c6c71ed8ee9174f74b"},"_organizationId":{"$oid":"64cb24c6c71ed8ee9174f71f"},"_creatorId":{"$oid":"64cb24c1c71ed8ee9174f716"},"_parentId":{"$oid":"64d1095ac71ed8ee91755839"},"deleted":false,"createdAt":{"$date":"2023-09-02T09:00:37.068Z"},"updatedAt":{"$date":"2024-02-12T11:26:26.128Z"},"__v":0}
{"_id":{"$oid":"64fef2dfb873e8d1600b2292"},"name":"case-status-change","active":true,"draft":false,"critical":true,"isBlueprint":false,"_notificationGroupId":{"$oid":"64f2f9b1b873e8d1600991f9"},"tags":[],"triggers":[{"type":"event","identifier":"case-status-change","variables":[{"name":"ToStatusName","type":"String","_id":{"$oid":"65d220e8fd33bd2d287334c6"}},{"name":"PerformedByName","type":"String","_id":{"$oid":"65d220e8fd33bd2d287334c7"}},{"name":"ClaimNumber","type":"String","_id":{"$oid":"65d220e8fd33bd2d287334c8"}},{"name":"SrNumber","type":"String","_id":{"$oid":"65d220e8fd33bd2d287334c9"}},{"name":"InsuredPersonName","type":"String","_id":{"$oid":"65d220e8fd33bd2d287334ca"}},{"name":"PolicyNumber","type":"String","_id":{"$oid":"65d220e8fd33bd2d287334cb"}},{"name":"ClaimType","type":"String","_id":{"$oid":"65d220e8fd33bd2d287334cc"}},{"name":"ClaimSubType","type":"String","_id":{"$oid":"65d220e8fd33bd2d287334cd"}},{"name":"HospitalName","type":"String","_id":{"$oid":"65d220e8fd33bd2d287334ce"}},{"name":"PhoenixTAT","type":"String","_id":{"$oid":"65d220e8fd33bd2d287334cf"}},{"name":"CaseStatus","type":"String","_id":{"$oid":"65d220e8fd33bd2d287334d0"}},{"name":"FromStatusName","type":"String","_id":{"$oid":"65d220e8fd33bd2d287334d1"}},{"name":"PrimaryKeyValue","type":"String","_id":{"$oid":"65d220e8fd33bd2d287334d2"}}],"reservedVariables":[],"subscriberVariables":[{"name":"email","_id":{"$oid":"65d220e8fd33bd2d287334c5"}}],"_id":{"$oid":"64f72198b873e8d16009de60"}}],"steps":[{"active":true,"replyCallback":{"active":false},"shouldStopOnFail":false,"uuid":"c9b6d53c-2ae4-4c5b-b3f5-e565e3e1ff5f","name":"Email","filters":[{"children":[],"_id":{"$oid":"64f721d1b873e8d16009deef"}}],"_templateId":{"$oid":"64fef2dfb873e8d1600b225f"},"_parentId":null,"metadata":{"timed":{"weekDays":[],"monthDays":[]}},"_id":{"$oid":"64f721d1b873e8d16009ded7"}},{"active":true,"shouldStopOnFail":false,"uuid":"e427c42a-ca4d-4851-bfdf-0cb83e650c11","name":"Push","filters":[{"children":[],"_id":{"$oid":"64f82b0eb873e8d16009f484"}}],"_templateId":{"$oid":"64fef2dfb873e8d1600b226d"},"_parentId":{"$oid":"64f721d1b873e8d16009ded7"},"metadata":{"timed":{"weekDays":[],"monthDays":[]}},"_id":{"$oid":"64f82b0eb873e8d16009f479"}},{"active":true,"shouldStopOnFail":false,"uuid":"7d51aaa4-8729-415f-ae38-6b52c8e3b771","name":"In-App","filters":[{"children":[],"_id":{"$oid":"64f8526db873e8d1600a03b0"}}],"_templateId":{"$oid":"64fef2dfb873e8d1600b2285"},"_parentId":{"$oid":"64f82b0eb873e8d16009f479"},"metadata":{"timed":{"weekDays":[],"monthDays":[]}},"_id":{"$oid":"64f8526db873e8d1600a03a3"}}],"preferenceSettings":{"email":true,"sms":true,"in_app":true,"chat":true,"push":true},"_environmentId":{"$oid":"64cb24c6c71ed8ee9174f74b"},"_organizationId":{"$oid":"64cb24c6c71ed8ee9174f71f"},"_creatorId":{"$oid":"64cb24c1c71ed8ee9174f716"},"_parentId":{"$oid":"64f72198b873e8d16009de5f"},"deleted":false,"createdAt":{"$date":"2023-09-11T10:58:39.685Z"},"updatedAt":{"$date":"2024-02-19T10:25:33.439Z"},"__v":0}
{"_id":{"$oid":"64fef2dfb873e8d1600b22b9"},"name":"usercreation","active":true,"draft":false,"critical":true,"isBlueprint":false,"_notificationGroupId":{"$oid":"64f2f9b1b873e8d1600991f9"},"tags":[],"triggers":[{"type":"event","identifier":"usercreation","variables":[{"name":"FirstName","type":"String","_id":{"$oid":"6593bf03b6e105c17a5ff632"}},{"name":"Front-endURL","type":"String","_id":{"$oid":"6593bf03b6e105c17a5ff633"}},{"name":"email","type":"String","_id":{"$oid":"6593bf03b6e105c17a5ff634"}}],"reservedVariables":[],"subscriberVariables":[{"name":"email","_id":{"$oid":"6593bf03b6e105c17a5ff631"}}],"_id":{"$oid":"64f72533b873e8d16009e3b1"}}],"steps":[{"active":true,"replyCallback":{"active":false},"shouldStopOnFail":false,"uuid":"9aab9adb-32d9-4f3c-ba2e-779780adfc55","name":"Email","filters":[{"children":[],"_id":{"$oid":"64f7280cb873e8d16009e477"}}],"_templateId":{"$oid":"64fef2dfb873e8d1600b22af"},"_parentId":null,"metadata":{"timed":{"weekDays":[],"monthDays":[]}},"_id":{"$oid":"64f7280cb873e8d16009e46d"}}],"preferenceSettings":{"email":true,"sms":true,"in_app":true,"chat":true,"push":true},"_environmentId":{"$oid":"64cb24c6c71ed8ee9174f74b"},"_organizationId":{"$oid":"64cb24c6c71ed8ee9174f71f"},"_creatorId":{"$oid":"64cb24c1c71ed8ee9174f716"},"_parentId":{"$oid":"64f72533b873e8d16009e3b0"},"deleted":false,"createdAt":{"$date":"2023-09-11T10:58:39.724Z"},"updatedAt":{"$date":"2024-01-02T10:09:22.914Z"},"__v":0}
{"_id":{"$oid":"64fef2dfb873e8d1600b22f5"},"name":"FO-case-allocation","active":true,"draft":false,"critical":true,"isBlueprint":false,"_notificationGroupId":{"$oid":"64f2f9b1b873e8d1600991f9"},"tags":[],"triggers":[{"type":"event","identifier":"fo-case-allocation","variables":[{"name":"FOName","type":"String","_id":{"$oid":"65d2fec1fd33bd2d287359d6"}},{"name":"ClaimNumber","type":"String","_id":{"$oid":"65d2fec1fd33bd2d287359d7"}},{"name":"Formatted_SrNumber","type":"String","_id":{"$oid":"65d2fec1fd33bd2d287359d8"}},{"name":"PolicyNumber","type":"String","_id":{"$oid":"65d2fec1fd33bd2d287359d9"}},{"name":"ClaimType","type":"String","_id":{"$oid":"65d2fec1fd33bd2d287359da"}},{"name":"ClaimSubType","type":"String","_id":{"$oid":"65d2fec1fd33bd2d287359db"}},{"name":"HospitalName","type":"String","_id":{"$oid":"65d2fec1fd33bd2d287359dc"}},{"name":"HospitalAddress","type":"String","_id":{"$oid":"65d2fec1fd33bd2d287359dd"}},{"name":"InsuredFirstName","type":"String","_id":{"$oid":"65d2fec1fd33bd2d287359de"}},{"name":"InsuredAddress","type":"String","_id":{"$oid":"65d2fec1fd33bd2d287359df"}},{"name":"TreatingDoctor","type":"String","_id":{"$oid":"65d2fec1fd33bd2d287359e0"}},{"name":"LaboratoryName","type":"String","_id":{"$oid":"65d2fec1fd33bd2d287359e1"}},{"name":"PathologistName","type":"String","_id":{"$oid":"65d2fec1fd33bd2d287359e2"}},{"name":"DateOfAllocation","type":"String","_id":{"$oid":"65d2fec1fd33bd2d287359e3"}},{"name":"TargetTAT","type":"String","_id":{"$oid":"65d2fec1fd33bd2d287359e4"}},{"name":"PhoenixTAT","type":"String","_id":{"$oid":"65d2fec1fd33bd2d287359e5"}},{"name":"TriggerByIC","type":"String","_id":{"$oid":"65d2fec1fd33bd2d287359e6"}},{"name":"TriggerByAllocationManager","type":"String","_id":{"$oid":"65d2fec1fd33bd2d287359e7"}},{"name":"SectionName","type":"String","_id":{"$oid":"65d2fec1fd33bd2d287359e8"}},{"name":"CaseStatus","type":"String","_id":{"$oid":"65d2fec1fd33bd2d287359e9"}},{"name":"SpocName","type":"String","_id":{"$oid":"65d2fec1fd33bd2d287359ea"}},{"name":"PrimaryContactNumbers","type":"String","_id":{"$oid":"65d2fec1fd33bd2d287359eb"}},{"name":"UserName","type":"String","_id":{"$oid":"65d2fec1fd33bd2d287359ec"}},{"name":"Id","type":"String","_id":{"$oid":"65d2fec1fd33bd2d287359ed"}}],"reservedVariables":[],"subscriberVariables":[{"name":"email","_id":{"$oid":"65d2fec1fd33bd2d287359d5"}}],"_id":{"$oid":"64f81f49b873e8d16009ef1d"}}],"steps":[{"active":true,"replyCallback":{"active":false},"shouldStopOnFail":false,"uuid":"a6b6840f-4acf-40cf-aa91-d5e50b9a17ed","name":"Email","filters":[{"children":[],"_id":{"$oid":"64f81f97b873e8d16009effa"}}],"_templateId":{"$oid":"64fef2dfb873e8d1600b22de"},"_parentId":null,"metadata":{"timed":{"weekDays":[],"monthDays":[]}},"_id":{"$oid":"64f81f97b873e8d16009efe8"}},{"active":true,"shouldStopOnFail":false,"uuid":"5cb21d28-5351-4c1d-b188-34cc94c88403","name":"Push","filters":[{"children":[],"_id":{"$oid":"64f81f97b873e8d16009effc"}}],"_templateId":{"$oid":"64fef2dfb873e8d1600b22ea"},"_parentId":{"$oid":"64f81f97b873e8d16009efe8"},"metadata":{"timed":{"weekDays":[],"monthDays":[]}},"_id":{"$oid":"64f81f97b873e8d16009eff1"}},{"active":true,"shouldStopOnFail":false,"uuid":"b1c88582-193d-40a1-b41a-d5e3557f9d56","name":"In-App","filters":[{"children":[],"_id":{"$oid":"652549fadcd057f1afb0739b"}}],"_templateId":{"$oid":"652e9bde7b69074d0648b1c0"},"_parentId":{"$oid":"64f81f97b873e8d16009eff1"},"metadata":{"timed":{"weekDays":[],"monthDays":[]}},"_id":{"$oid":"652549fadcd057f1afb0738a"}}],"preferenceSettings":{"email":true,"sms":true,"in_app":true,"chat":true,"push":true},"_environmentId":{"$oid":"64cb24c6c71ed8ee9174f74b"},"_organizationId":{"$oid":"64cb24c6c71ed8ee9174f71f"},"_creatorId":{"$oid":"64cb24c1c71ed8ee9174f716"},"_parentId":{"$oid":"64f81f49b873e8d16009ef1c"},"deleted":false,"createdAt":{"$date":"2023-09-11T10:58:39.797Z"},"updatedAt":{"$date":"2024-02-19T10:25:30.677Z"},"__v":0}
{"_id":{"$oid":"64fef2dfb873e8d1600b233f"},"name":"CM-case-allocation","active":true,"draft":false,"critical":true,"isBlueprint":false,"_notificationGroupId":{"$oid":"64f2f9b1b873e8d1600991f9"},"tags":[],"triggers":[{"type":"event","identifier":"cm-case-allocation","variables":[{"name":"ClaimNumber","type":"String","_id":{"$oid":"65d2fa87fd33bd2d28735288"}},{"name":"Formatted_SrNumber","type":"String","_id":{"$oid":"65d2fa87fd33bd2d28735289"}},{"name":"FirstName","type":"String","_id":{"$oid":"65d2fa87fd33bd2d2873528a"}},{"name":"PolicyNumber","type":"String","_id":{"$oid":"65d2fa87fd33bd2d2873528b"}},{"name":"ClaimType","type":"String","_id":{"$oid":"65d2fa87fd33bd2d2873528c"}},{"name":"ClaimSubType","type":"String","_id":{"$oid":"65d2fa87fd33bd2d2873528d"}},{"name":"PhoenixTAT","type":"String","_id":{"$oid":"65d2fa87fd33bd2d2873528e"}},{"name":"CaseStatus","type":"String","_id":{"$oid":"65d2fa87fd33bd2d2873528f"}},{"name":"createdBy","type":"String","_id":{"$oid":"65d2fa87fd33bd2d28735290"}},{"name":"RoleName","type":"String","_id":{"$oid":"65d2fa87fd33bd2d28735291"}},{"name":"Id","type":"String","_id":{"$oid":"65d2fa87fd33bd2d28735292"}}],"reservedVariables":[],"subscriberVariables":[{"name":"email","_id":{"$oid":"65d2fa87fd33bd2d28735287"}}],"_id":{"$oid":"64faf740b873e8d1600a53f3"}}],"steps":[{"active":true,"replyCallback":{"active":false},"shouldStopOnFail":false,"uuid":"ab8b86d7-372f-47a0-85b1-f5a87bd2e427","name":"Email","filters":[{"children":[],"_id":{"$oid":"64faf7cfb873e8d1600a550c"}}],"_templateId":{"$oid":"64fef2dfb873e8d1600b232c"},"_parentId":null,"metadata":{"timed":{"weekDays":[],"monthDays":[]}},"_id":{"$oid":"64faf7cfb873e8d1600a54fa"}},{"active":true,"shouldStopOnFail":false,"uuid":"177b92b2-c690-4d14-9710-5be8142bf966","name":"In-App","filters":[{"children":[],"_id":{"$oid":"6501915f727cef94c983df2b"}}],"_templateId":{"$oid":"6516ea71b8117bd42b7907da"},"_parentId":{"$oid":"64faf7cfb873e8d1600a54fa"},"metadata":{"timed":{"weekDays":[],"monthDays":[]}},"_id":{"$oid":"6501915f727cef94c983df1c"}}],"preferenceSettings":{"email":true,"sms":true,"in_app":true,"chat":true,"push":true},"_environmentId":{"$oid":"64cb24c6c71ed8ee9174f74b"},"_organizationId":{"$oid":"64cb24c6c71ed8ee9174f71f"},"_creatorId":{"$oid":"64cb24c1c71ed8ee9174f716"},"_parentId":{"$oid":"64faf740b873e8d1600a53f2"},"deleted":false,"createdAt":{"$date":"2023-09-11T10:58:39.89Z"},"updatedAt":{"$date":"2024-02-19T10:25:30.472Z"},"__v":0}
{"_id":{"$oid":"64fef2dfb873e8d1600b2378"},"name":"query-raised","active":true,"draft":false,"critical":true,"isBlueprint":false,"_notificationGroupId":{"$oid":"64f2f9b1b873e8d1600991f9"},"tags":[],"triggers":[{"type":"event","identifier":"query-raised","variables":[{"name":"Id","type":"String","_id":{"$oid":"65d22044fd33bd2d287329e6"}},{"name":"QueryNumber","type":"String","_id":{"$oid":"65d22044fd33bd2d287329e7"}},{"name":"ClaimNumber","type":"String","_id":{"$oid":"65d22044fd33bd2d287329e8"}},{"name":"CaseSrNumber","type":"String","_id":{"$oid":"65d22044fd33bd2d287329e9"}},{"name":"InsuredFirstName","type":"String","_id":{"$oid":"65d22044fd33bd2d287329ea"}},{"name":"PolicyNumber","type":"String","_id":{"$oid":"65d22044fd33bd2d287329eb"}},{"name":"ClaimType","type":"String","_id":{"$oid":"65d22044fd33bd2d287329ec"}},{"name":"ClaimSubType","type":"String","_id":{"$oid":"65d22044fd33bd2d287329ed"}},{"name":"SectionName","type":"String","_id":{"$oid":"65d22044fd33bd2d287329ee"}},{"name":"HospitalName","type":"String","_id":{"$oid":"65d22044fd33bd2d287329ef"}},{"name":"PhoenixTAT","type":"String","_id":{"$oid":"65d22044fd33bd2d287329f0"}},{"name":"QueryStatus","type":"String","_id":{"$oid":"65d22044fd33bd2d287329f1"}},{"name":"RaisedBy","type":"String","_id":{"$oid":"65d22044fd33bd2d287329f2"}},{"name":"RoleName","type":"String","_id":{"$oid":"65d22044fd33bd2d287329f3"}}],"reservedVariables":[],"subscriberVariables":[{"name":"email","_id":{"$oid":"65d22044fd33bd2d287329e5"}}],"_id":{"$oid":"64fb079ab873e8d1600a5a28"}}],"steps":[{"active":true,"replyCallback":{"active":false},"shouldStopOnFail":false,"uuid":"b553ecb2-1658-49c0-9f93-6c43a29fcde0","name":"Email","filters":[{"children":[],"_id":{"$oid":"64fb43a3b873e8d1600a8fe4"}}],"_templateId":{"$oid":"64fef2dfb873e8d1600b2365"},"_parentId":null,"metadata":{"timed":{"weekDays":[],"monthDays":[]}},"_id":{"$oid":"64fb43a3b873e8d1600a8fd2"}},{"active":true,"shouldStopOnFail":false,"uuid":"249a15e7-9e25-4415-b762-60c5ea90f41d","name":"Push","filters":[{"children":[],"_id":{"$oid":"64fb43a3b873e8d1600a8fe6"}}],"_templateId":{"$oid":"64fef2dfb873e8d1600b236f"},"_parentId":{"$oid":"64fb43a3b873e8d1600a8fd2"},"metadata":{"timed":{"weekDays":[],"monthDays":[]}},"_id":{"$oid":"64fb43a3b873e8d1600a8fdb"}},{"active":true,"shouldStopOnFail":false,"uuid":"74000aef-be2a-46e7-99a8-22f03816362d","name":"In-App","filters":[{"children":[],"_id":{"$oid":"65006a2e727cef94c9835475"}}],"_templateId":{"$oid":"65007243727cef94c9836c58"},"_parentId":{"$oid":"64fb43a3b873e8d1600a8fdb"},"metadata":{"timed":{"weekDays":[],"monthDays":[]}},"_id":{"$oid":"65006a2e727cef94c9835464"}}],"preferenceSettings":{"email":true,"sms":true,"in_app":true,"chat":true,"push":true},"_environmentId":{"$oid":"64cb24c6c71ed8ee9174f74b"},"_organizationId":{"$oid":"64cb24c6c71ed8ee9174f71f"},"_creatorId":{"$oid":"64cb24c1c71ed8ee9174f716"},"_parentId":{"$oid":"64fb079ab873e8d1600a5a27"},"deleted":false,"createdAt":{"$date":"2023-09-11T10:58:39.966Z"},"updatedAt":{"$date":"2024-02-19T10:25:30.347Z"},"__v":0}
{"_id":{"$oid":"6516ea71b8117bd42b79071f"},"name":"FO-case-accept","active":true,"draft":false,"critical":true,"isBlueprint":false,"_notificationGroupId":{"$oid":"64f2f9b1b873e8d1600991f9"},"tags":[],"triggers":[{"type":"event","identifier":"fo-case-accept","variables":[{"name":"FoName","type":"String","_id":{"$oid":"65d22007fd33bd2d287325f0"}},{"name":"ClaimNumber","type":"String","_id":{"$oid":"65d22007fd33bd2d287325f1"}},{"name":"SrNumber","type":"String","_id":{"$oid":"65d22007fd33bd2d287325f2"}},{"name":"InsuredPersonName","type":"String","_id":{"$oid":"65d22007fd33bd2d287325f3"}},{"name":"PolicyNumber","type":"String","_id":{"$oid":"65d22007fd33bd2d287325f4"}},{"name":"ClaimType","type":"String","_id":{"$oid":"65d22007fd33bd2d287325f5"}},{"name":"ClaimSubType","type":"String","_id":{"$oid":"65d22007fd33bd2d287325f6"}},{"name":"SectionName","type":"String","_id":{"$oid":"65d22007fd33bd2d287325f7"}},{"name":"HospitalName","type":"String","_id":{"$oid":"65d22007fd33bd2d287325f8"}},{"name":"PhoenixTAT","type":"String","_id":{"$oid":"65d22007fd33bd2d287325f9"}},{"name":"CaseStatus","type":"String","_id":{"$oid":"65d22007fd33bd2d287325fa"}},{"name":"RoleName","type":"String","_id":{"$oid":"65d22007fd33bd2d287325fb"}},{"name":"CaseId","type":"String","_id":{"$oid":"65d22007fd33bd2d287325fc"}}],"reservedVariables":[],"subscriberVariables":[{"name":"email","_id":{"$oid":"65d22007fd33bd2d287325ef"}}],"_id":{"$oid":"65015e77727cef94c983b1a2"}}],"steps":[{"active":true,"replyCallback":{"active":false},"shouldStopOnFail":false,"uuid":"35956651-6d3f-40ac-9f13-57236a641acd","name":"Email","filters":[{"children":[],"_id":{"$oid":"65015fd3727cef94c983b2fe"}}],"_templateId":{"$oid":"6516ea71b8117bd42b7906f5"},"_parentId":null,"metadata":{"timed":{"weekDays":[],"monthDays":[]}},"_id":{"$oid":"65015fd3727cef94c983b2ec"}},{"active":true,"shouldStopOnFail":false,"uuid":"2ec3d12a-ac79-4593-8ef7-0fd9a39289d2","name":"In-App","filters":[{"children":[],"_id":{"$oid":"650191d5727cef94c983e075"}}],"_templateId":{"$oid":"6516ea71b8117bd42b790714"},"_parentId":{"$oid":"65015fd3727cef94c983b2ec"},"metadata":{"timed":{"weekDays":[],"monthDays":[]}},"_id":{"$oid":"650191d5727cef94c983e066"}}],"preferenceSettings":{"email":true,"sms":true,"in_app":true,"chat":true,"push":true},"_environmentId":{"$oid":"64cb24c6c71ed8ee9174f74b"},"_organizationId":{"$oid":"64cb24c6c71ed8ee9174f71f"},"_creatorId":{"$oid":"64cb24c1c71ed8ee9174f716"},"_parentId":{"$oid":"65015e77727cef94c983b1a1"},"deleted":false,"createdAt":{"$date":"2023-09-29T15:17:05.43Z"},"updatedAt":{"$date":"2024-02-19T10:25:30.024Z"},"__v":0}
{"_id":{"$oid":"6516ea71b8117bd42b79076e"},"name":"FO-case-reject","active":true,"draft":false,"critical":true,"isBlueprint":false,"_notificationGroupId":{"$oid":"64f2f9b1b873e8d1600991f9"},"tags":[],"triggers":[{"type":"event","identifier":"fo-case-reject","variables":[{"name":"FoName","type":"String","_id":{"$oid":"65d21fe8fd33bd2d287323b8"}},{"name":"RejectReason","type":"String","_id":{"$oid":"65d21fe8fd33bd2d287323b9"}},{"name":"ClaimNumber","type":"String","_id":{"$oid":"65d21fe8fd33bd2d287323ba"}},{"name":"SrNumber","type":"String","_id":{"$oid":"65d21fe8fd33bd2d287323bb"}},{"name":"InsuredPersonName","type":"String","_id":{"$oid":"65d21fe8fd33bd2d287323bc"}},{"name":"PolicyNumber","type":"String","_id":{"$oid":"65d21fe8fd33bd2d287323bd"}},{"name":"ClaimType","type":"String","_id":{"$oid":"65d21fe8fd33bd2d287323be"}},{"name":"ClaimSubType","type":"String","_id":{"$oid":"65d21fe8fd33bd2d287323bf"}},{"name":"SectionName","type":"String","_id":{"$oid":"65d21fe8fd33bd2d287323c0"}},{"name":"HospitalName","type":"String","_id":{"$oid":"65d21fe8fd33bd2d287323c1"}},{"name":"PhoenixTAT","type":"String","_id":{"$oid":"65d21fe8fd33bd2d287323c2"}},{"name":"CaseStatus","type":"String","_id":{"$oid":"65d21fe8fd33bd2d287323c3"}},{"name":"RoleName","type":"String","_id":{"$oid":"65d21fe8fd33bd2d287323c4"}},{"name":"CaseId","type":"String","_id":{"$oid":"65d21fe8fd33bd2d287323c5"}}],"reservedVariables":[],"subscriberVariables":[{"name":"email","_id":{"$oid":"65d21fe8fd33bd2d287323b7"}}],"_id":{"$oid":"65015fea727cef94c983b375"}}],"steps":[{"active":true,"replyCallback":{"active":false},"shouldStopOnFail":false,"uuid":"c32e8ade-f94e-4512-8e53-95382e31c8f1","name":"Email","filters":[{"children":[],"_id":{"$oid":"6501605e727cef94c983b446"}}],"_templateId":{"$oid":"6516ea71b8117bd42b790741"},"_parentId":null,"metadata":{"timed":{"weekDays":[],"monthDays":[]}},"_id":{"$oid":"6501605e727cef94c983b434"}},{"active":true,"shouldStopOnFail":false,"uuid":"dd1783fc-75a2-4cdd-b68d-e598f1a4b191","name":"In-App","filters":[{"children":[],"_id":{"$oid":"6515139eb8117bd42b76a2d0"}}],"_templateId":{"$oid":"6516ea71b8117bd42b790763"},"_parentId":{"$oid":"6501605e727cef94c983b434"},"metadata":{"timed":{"weekDays":[],"monthDays":[]}},"_id":{"$oid":"6515139eb8117bd42b76a2c1"}}],"preferenceSettings":{"email":true,"sms":true,"in_app":true,"chat":true,"push":true},"_environmentId":{"$oid":"64cb24c6c71ed8ee9174f74b"},"_organizationId":{"$oid":"64cb24c6c71ed8ee9174f71f"},"_creatorId":{"$oid":"64cb24c1c71ed8ee9174f716"},"_parentId":{"$oid":"65015fea727cef94c983b374"},"deleted":false,"createdAt":{"$date":"2023-09-29T15:17:05.609Z"},"updatedAt":{"$date":"2024-02-19T10:25:29.887Z"},"__v":0}
{"_id":{"$oid":"6516ea71b8117bd42b790799"},"name":"query-comment","active":true,"draft":false,"critical":true,"isBlueprint":false,"_notificationGroupId":{"$oid":"64f2f9b1b873e8d1600991f9"},"tags":[],"triggers":[{"type":"event","identifier":"query-comment","variables":[{"name":"QueryNumber","type":"String","_id":{"$oid":"65d21fb0fd33bd2d2873217e"}},{"name":"FullName","type":"String","_id":{"$oid":"65d21fb0fd33bd2d2873217f"}},{"name":"RoleName","type":"String","_id":{"$oid":"65d21fb0fd33bd2d28732180"}},{"name":"SectionName","type":"String","_id":{"$oid":"65d21fb0fd33bd2d28732181"}},{"name":"CaseNumber","type":"String","_id":{"$oid":"65d21fb0fd33bd2d28732182"}},{"name":"QueryId","type":"String","_id":{"$oid":"65d21fb0fd33bd2d28732183"}}],"reservedVariables":[],"subscriberVariables":[],"_id":{"$oid":"650177ec727cef94c983c178"}}],"steps":[{"active":true,"shouldStopOnFail":false,"uuid":"c3b5d8d2-ffca-41cb-9d32-3813aad33de2","name":"In-App","filters":[{"children":[],"_id":{"$oid":"6501a8a1727cef94c983efe3"}}],"_templateId":{"$oid":"6516ea71b8117bd42b79078c"},"_parentId":null,"metadata":{"timed":{"weekDays":[],"monthDays":[]}},"_id":{"$oid":"6501a8a1727cef94c983efda"}},{"active":true,"shouldStopOnFail":false,"uuid":"cc560bce-1194-4c6b-9d54-cdab194042be","name":"Push","filters":[{"children":[],"_id":{"$oid":"655c6c4eb6e105c17a58bd78"}}],"_templateId":{"$oid":"655c880eb6e105c17a58d2ce"},"_parentId":{"$oid":"6501a8a1727cef94c983efda"},"metadata":{"timed":{"weekDays":[],"monthDays":[]}},"_id":{"$oid":"655c6c4eb6e105c17a58bd63"}}],"preferenceSettings":{"email":true,"sms":true,"in_app":true,"chat":true,"push":true},"_environmentId":{"$oid":"64cb24c6c71ed8ee9174f74b"},"_organizationId":{"$oid":"64cb24c6c71ed8ee9174f71f"},"_creatorId":{"$oid":"64cb24c1c71ed8ee9174f716"},"_parentId":{"$oid":"650177ec727cef94c983c177"},"deleted":false,"createdAt":{"$date":"2023-09-29T15:17:05.7Z"},"updatedAt":{"$date":"2024-02-19T10:25:29.766Z"},"__v":0}
{"_id":{"$oid":"6516ea72b8117bd42b790839"},"name":"pullback-case-notification","active":true,"draft":false,"critical":true,"isBlueprint":false,"_notificationGroupId":{"$oid":"64f2f9b1b873e8d1600991f9"},"tags":[],"triggers":[{"type":"event","identifier":"pullback-case-notification","variables":[{"name":"SrNumber","type":"String","_id":{"$oid":"65d21f90fd33bd2d28731fc1"}},{"name":"FOname","type":"String","_id":{"$oid":"65d21f90fd33bd2d28731fc2"}},{"name":"PullbackBy","type":"String","_id":{"$oid":"65d21f90fd33bd2d28731fc3"}},{"name":"RoleName","type":"String","_id":{"$oid":"65d21f90fd33bd2d28731fc4"}},{"name":"ClaimNumber","type":"String","_id":{"$oid":"65d21f90fd33bd2d28731fc5"}},{"name":"InsuredFirstName","type":"String","_id":{"$oid":"65d21f90fd33bd2d28731fc6"}},{"name":"PolicyNumber","type":"String","_id":{"$oid":"65d21f90fd33bd2d28731fc7"}},{"name":"ClaimType","type":"String","_id":{"$oid":"65d21f90fd33bd2d28731fc8"}},{"name":"ClaimSubType","type":"String","_id":{"$oid":"65d21f90fd33bd2d28731fc9"}},{"name":"SectionName","type":"String","_id":{"$oid":"65d21f90fd33bd2d28731fca"}},{"name":"HospitalName","type":"String","_id":{"$oid":"65d21f90fd33bd2d28731fcb"}},{"name":"PhoenixTAT","type":"String","_id":{"$oid":"65d21f90fd33bd2d28731fcc"}},{"name":"CaseStatus","type":"String","_id":{"$oid":"65d21f90fd33bd2d28731fcd"}},{"name":"CaseId","type":"String","_id":{"$oid":"65d21f90fd33bd2d28731fce"}}],"reservedVariables":[],"subscriberVariables":[{"name":"email","_id":{"$oid":"65d21f90fd33bd2d28731fc0"}}],"_id":{"$oid":"65029d11727cef94c9842a49"}}],"steps":[{"active":true,"replyCallback":{"active":false},"shouldStopOnFail":false,"uuid":"f721bcfb-7faf-4f2b-8ca5-f7cc9038c34a","name":"Email","filters":[{"children":[],"_id":{"$oid":"65029dd1727cef94c9842baa"}}],"_templateId":{"$oid":"6516ea71b8117bd42b79080e"},"_parentId":null,"metadata":{"timed":{"weekDays":[],"monthDays":[]}},"_id":{"$oid":"65029dd0727cef94c9842b94"}},{"active":true,"shouldStopOnFail":false,"uuid":"d14ef622-53cd-4642-886d-2ad0ddf09cae","name":"Push","filters":[{"children":[],"_id":{"$oid":"65029dd1727cef94c9842bac"}}],"_templateId":{"$oid":"6516ea72b8117bd42b790823"},"_parentId":{"$oid":"65029dd0727cef94c9842b94"},"metadata":{"timed":{"weekDays":[],"monthDays":[]}},"_id":{"$oid":"65029dd0727cef94c9842b9d"}},{"active":true,"shouldStopOnFail":false,"uuid":"664b1eb3-d293-46a7-8d31-25f928a79a73","name":"In-App","filters":[{"value":"AND","children":[],"_id":{"$oid":"650c36c5766dce0e7a1644b2"}}],"_templateId":{"$oid":"6516ea72b8117bd42b79082f"},"_parentId":{"$oid":"65029dd0727cef94c9842b9d"},"metadata":{"timed":{"weekDays":[],"monthDays":[]}},"_id":{"$oid":"650c36c5766dce0e7a1644a3"}}],"preferenceSettings":{"email":true,"sms":true,"in_app":true,"chat":true,"push":true},"_environmentId":{"$oid":"64cb24c6c71ed8ee9174f74b"},"_organizationId":{"$oid":"64cb24c6c71ed8ee9174f71f"},"_creatorId":{"$oid":"64cb24c1c71ed8ee9174f716"},"_parentId":{"$oid":"65029d11727cef94c9842a48"},"deleted":false,"createdAt":{"$date":"2023-09-29T15:17:06.123Z"},"updatedAt":{"$date":"2024-02-19T10:25:29.668Z"},"__v":0}
{"_id":{"$oid":"6516ea72b8117bd42b79088e"},"name":"request-payment","active":true,"draft":false,"critical":true,"isBlueprint":false,"_notificationGroupId":{"$oid":"64f2f9b1b873e8d1600991f9"},"tags":[],"triggers":[{"type":"event","identifier":"request-payment","variables":[{"name":"PaymentRequestedBy","type":"String","_id":{"$oid":"65b889c5b6e105c17a64e374"}},{"name":"PaymentNumber","type":"String","_id":{"$oid":"65b889c5b6e105c17a64e375"}},{"name":"ClaimNumber","type":"String","_id":{"$oid":"65b889c5b6e105c17a64e376"}},{"name":"SrNumber","type":"String","_id":{"$oid":"65b889c5b6e105c17a64e377"}},{"name":"InsuredFirstName","type":"String","_id":{"$oid":"65b889c5b6e105c17a64e378"}},{"name":"PolicyNumber","type":"String","_id":{"$oid":"65b889c5b6e105c17a64e379"}},{"name":"ClaimType","type":"String","_id":{"$oid":"65b889c5b6e105c17a64e37a"}},{"name":"ClaimSubType","type":"String","_id":{"$oid":"65b889c5b6e105c17a64e37b"}},{"name":"AssignedCasePart","type":"String","_id":{"$oid":"65b889c5b6e105c17a64e37c"}},{"name":"HospitalName","type":"String","_id":{"$oid":"65b889c5b6e105c17a64e37d"}},{"name":"PhoenixTAT","type":"String","_id":{"$oid":"65b889c5b6e105c17a64e37e"}},{"name":"CaseStatus","type":"String","_id":{"$oid":"65b889c5b6e105c17a64e37f"}},{"name":"RoleName","type":"String","_id":{"$oid":"65b889c5b6e105c17a64e380"}},{"name":"CaseNumber","type":"String","_id":{"$oid":"65b889c5b6e105c17a64e381"}},{"name":"PaymentId","type":"String","_id":{"$oid":"65b889c5b6e105c17a64e382"}}],"reservedVariables":[],"subscriberVariables":[{"name":"email","_id":{"$oid":"65b889c5b6e105c17a64e373"}}],"_id":{"$oid":"6502b5e4727cef94c98435c5"}}],"steps":[{"active":true,"replyCallback":{"active":false},"shouldStopOnFail":false,"uuid":"dfa8c488-8b13-440b-8dcf-36dd09ba9d07","name":"Email","filters":[{"children":[],"_id":{"$oid":"6502e58681dcdf93dc0b6190"}}],"_templateId":{"$oid":"6516ea72b8117bd42b79086c"},"_parentId":null,"metadata":{"timed":{"weekDays":[],"monthDays":[]}},"_id":{"$oid":"6502e58681dcdf93dc0b617c"}},{"active":true,"shouldStopOnFail":false,"uuid":"afc7c623-a86a-4ec7-8711-8a85fce25eac","name":"In-App","filters":[{"children":[],"_id":{"$oid":"6502e58681dcdf93dc0b6192"}}],"_templateId":{"$oid":"6516ea72b8117bd42b790882"},"_parentId":{"$oid":"6502e58681dcdf93dc0b617c"},"metadata":{"timed":{"weekDays":[],"monthDays":[]}},"_id":{"$oid":"6502e58681dcdf93dc0b6185"}}],"preferenceSettings":{"email":true,"sms":true,"in_app":true,"chat":true,"push":true},"_environmentId":{"$oid":"64cb24c6c71ed8ee9174f74b"},"_organizationId":{"$oid":"64cb24c6c71ed8ee9174f71f"},"_creatorId":{"$oid":"64cb24c1c71ed8ee9174f716"},"_parentId":{"$oid":"6502b5e4727cef94c98435c4"},"deleted":false,"createdAt":{"$date":"2023-09-29T15:17:06.264Z"},"updatedAt":{"$date":"2024-01-30T05:35:19.201Z"},"__v":0}
{"_id":{"$oid":"6516ea72b8117bd42b7908e3"},"name":"request-hardcopy","active":true,"draft":false,"critical":true,"isBlueprint":false,"_notificationGroupId":{"$oid":"64f2f9b1b873e8d1600991f9"},"tags":[],"triggers":[{"type":"event","identifier":"request-hardcopy","variables":[{"name":"RequestedBy","type":"String","_id":{"$oid":"65d21f4cfd33bd2d28731c06"}},{"name":"RoleName","type":"String","_id":{"$oid":"65d21f4cfd33bd2d28731c07"}},{"name":"SrNumber","type":"String","_id":{"$oid":"65d21f4cfd33bd2d28731c08"}}],"reservedVariables":[],"subscriberVariables":[],"_id":{"$oid":"6502e59781dcdf93dc0b6235"}}],"steps":[{"active":true,"shouldStopOnFail":false,"uuid":"47d0ad22-4de8-4045-9f99-e0581be6ce8f","name":"Push","filters":[{"children":[],"_id":{"$oid":"6502e71881dcdf93dc0b6407"}}],"_templateId":{"$oid":"6516ea72b8117bd42b7908cc"},"_parentId":null,"metadata":{"timed":{"weekDays":[],"monthDays":[]}},"_id":{"$oid":"6502e71881dcdf93dc0b63f2"}},{"active":true,"shouldStopOnFail":false,"uuid":"64d65519-b9d6-4cbe-ab43-68e1092dd850","name":"In-App","filters":[{"children":[],"_id":{"$oid":"6502e71881dcdf93dc0b6409"}}],"_templateId":{"$oid":"6516ea72b8117bd42b7908d8"},"_parentId":{"$oid":"6502e71881dcdf93dc0b63f2"},"metadata":{"timed":{"weekDays":[],"monthDays":[]}},"_id":{"$oid":"6502e71881dcdf93dc0b63fc"}}],"preferenceSettings":{"email":true,"sms":true,"in_app":true,"chat":true,"push":true},"_environmentId":{"$oid":"64cb24c6c71ed8ee9174f74b"},"_organizationId":{"$oid":"64cb24c6c71ed8ee9174f71f"},"_creatorId":{"$oid":"64cb24c1c71ed8ee9174f716"},"_parentId":{"$oid":"6502e59781dcdf93dc0b6234"},"deleted":false,"createdAt":{"$date":"2023-09-29T15:17:06.476Z"},"updatedAt":{"$date":"2024-02-19T10:25:29.536Z"},"__v":0}
{"_id":{"$oid":"6516eaa5b8117bd42b7912e1"},"name":"sagar-fcm-payload-test","active":true,"draft":false,"critical":true,"isBlueprint":false,"_notificationGroupId":{"$oid":"64f2f9b1b873e8d1600991f9"},"tags":[],"triggers":[{"type":"event","identifier":"sagar-fcm-payload-test","variables":[{"name":"fn","type":"String","_id":{"$oid":"6508574d81dcdf93dc0c3393"}}],"subscriberVariables":[{"name":"email","_id":{"$oid":"6508574d81dcdf93dc0c3392"}}],"_id":{"$oid":"6507fdd881dcdf93dc0bf215"}}],"steps":[{"active":true,"shouldStopOnFail":false,"uuid":"86f7fc85-d2a7-4653-a95a-a47d0bbfdbec","name":"Push","filters":[{"children":[],"_id":{"$oid":"6507fe8181dcdf93dc0bf441"}}],"_templateId":{"$oid":"6516eaa5b8117bd42b7912c8"},"_parentId":null,"metadata":{"timed":{"weekDays":[],"monthDays":[]}},"_id":{"$oid":"6507fe8181dcdf93dc0bf438"}},{"active":true,"replyCallback":{"active":false},"shouldStopOnFail":false,"uuid":"35ace350-f44d-45e1-a2f5-ac520b3e27e0","name":"Email","filters":[{"children":[],"_id":{"$oid":"6508574d81dcdf93dc0c3391"}}],"_templateId":{"$oid":"6516eaa5b8117bd42b7912d7"},"_parentId":{"$oid":"6507fe8181dcdf93dc0bf438"},"metadata":{"timed":{"weekDays":[],"monthDays":[]}},"_id":{"$oid":"6508574d81dcdf93dc0c3383"}}],"preferenceSettings":{"email":true,"sms":true,"in_app":true,"chat":true,"push":true},"_environmentId":{"$oid":"64cb24c6c71ed8ee9174f74b"},"_organizationId":{"$oid":"64cb24c6c71ed8ee9174f71f"},"_creatorId":{"$oid":"64cb24c1c71ed8ee9174f716"},"_parentId":{"$oid":"6507fdd881dcdf93dc0bf214"},"deleted":false,"createdAt":{"$date":"2023-09-29T15:17:57.215Z"},"updatedAt":{"$date":"2023-09-29T15:17:57.215Z"},"__v":0}
{"_id":{"$oid":"6516eaa5b8117bd42b791364"},"name":"forgotpassword","active":true,"draft":false,"critical":true,"isBlueprint":false,"_notificationGroupId":{"$oid":"64f2f9b1b873e8d1600991f9"},"tags":[],"triggers":[{"type":"event","identifier":"forgotpassword","variables":[{"name":"FirstName","type":"String","_id":{"$oid":"6593b732b6e105c17a5ff1c1"}},{"name":"Front-endURL","type":"String","_id":{"$oid":"6593b732b6e105c17a5ff1c2"}},{"name":"email","type":"String","_id":{"$oid":"6593b732b6e105c17a5ff1c3"}}],"reservedVariables":[],"subscriberVariables":[{"name":"email","_id":{"$oid":"6593b732b6e105c17a5ff1c0"}}],"_id":{"$oid":"650c00e6766dce0e7a160e5e"}}],"steps":[{"active":true,"replyCallback":{"active":false},"shouldStopOnFail":false,"uuid":"2674989e-5ce5-4972-8c16-af148c6b1d92","name":"Email","filters":[{"children":[],"_id":{"$oid":"650c0334766dce0e7a16105c"}}],"_templateId":{"$oid":"6516eaa5b8117bd42b79135b"},"_parentId":null,"metadata":{"timed":{"weekDays":[],"monthDays":[]}},"_id":{"$oid":"650c0334766dce0e7a161052"}}],"preferenceSettings":{"email":true,"sms":true,"in_app":true,"chat":true,"push":true},"_environmentId":{"$oid":"64cb24c6c71ed8ee9174f74b"},"_organizationId":{"$oid":"64cb24c6c71ed8ee9174f71f"},"_creatorId":{"$oid":"64cb24c1c71ed8ee9174f716"},"_parentId":{"$oid":"650c00e6766dce0e7a160e5d"},"deleted":false,"createdAt":{"$date":"2023-09-29T15:17:57.578Z"},"updatedAt":{"$date":"2024-01-02T10:09:22.845Z"},"__v":0}
{"_id":{"$oid":"6516eaa5b8117bd42b791391"},"name":"investigation-comment","active":true,"draft":false,"critical":true,"isBlueprint":false,"_notificationGroupId":{"$oid":"64f2f9b1b873e8d1600991f9"},"tags":[],"triggers":[{"type":"event","identifier":"investigation-comment","variables":[],"subscriberVariables":[],"_id":{"$oid":"650d5cd5766dce0e7a1685e1"}}],"steps":[{"active":true,"shouldStopOnFail":false,"uuid":"0bf174f1-ad5e-46dd-967c-279486df28a8","name":"In-App","filters":[{"children":[],"_id":{"$oid":"650d5d44766dce0e7a168888"}}],"_templateId":{"$oid":"6516eaa5b8117bd42b791374"},"_parentId":null,"metadata":{"timed":{"weekDays":[],"monthDays":[]}},"_id":{"$oid":"650d5d43766dce0e7a168874"}},{"active":true,"shouldStopOnFail":false,"uuid":"771ced17-60a4-4191-b9f0-06fc69df5e82","name":"Push","filters":[{"children":[],"_id":{"$oid":"6513fda0b8117bd42b760894"}}],"_templateId":{"$oid":"6516eaa5b8117bd42b791388"},"_parentId":{"$oid":"650d5d43766dce0e7a168874"},"metadata":{"timed":{"weekDays":[],"monthDays":[]}},"_id":{"$oid":"6513fda0b8117bd42b760889"}}],"preferenceSettings":{"email":true,"sms":true,"in_app":true,"chat":true,"push":true},"_environmentId":{"$oid":"64cb24c6c71ed8ee9174f74b"},"_organizationId":{"$oid":"64cb24c6c71ed8ee9174f71f"},"_creatorId":{"$oid":"64cb24c1c71ed8ee9174f716"},"_parentId":{"$oid":"650d5cd5766dce0e7a1685e0"},"deleted":true,"createdAt":{"$date":"2023-09-29T15:17:57.759Z"},"updatedAt":{"$date":"2023-10-17T14:36:20.157Z"},"__v":0,"deletedAt":{"$date":"2023-10-17T14:36:20.156Z"}}
{"_id":{"$oid":"6516eaa5b8117bd42b7913ac"},"name":"query-update","active":true,"draft":false,"critical":true,"isBlueprint":false,"_notificationGroupId":{"$oid":"64f2f9b1b873e8d1600991f9"},"tags":[],"triggers":[{"type":"event","identifier":"query-update","variables":[{"name":"CaseNumber","type":"String","_id":{"$oid":"65d21f2bfd33bd2d28731ab7"}},{"name":"QueryStatus","type":"String","_id":{"$oid":"65d21f2bfd33bd2d28731ab8"}},{"name":"QueryNumber","type":"String","_id":{"$oid":"65d21f2bfd33bd2d28731ab9"}},{"name":"UpdatedBy","type":"String","_id":{"$oid":"65d21f2bfd33bd2d28731aba"}},{"name":"RoleName","type":"String","_id":{"$oid":"65d21f2bfd33bd2d28731abb"}},{"name":"Id","type":"String","_id":{"$oid":"65d21f2bfd33bd2d28731abc"}}],"reservedVariables":[],"subscriberVariables":[],"_id":{"$oid":"650d7ccc766dce0e7a169a41"}}],"steps":[{"active":true,"shouldStopOnFail":false,"uuid":"70045d3b-652c-41b8-84c7-2c732d7587d4","name":"Push","filters":[{"children":[],"_id":{"$oid":"650d7d8e766dce0e7a169b2e"}}],"_templateId":{"$oid":"6516eaa5b8117bd42b7913a2"},"_parentId":null,"metadata":{"timed":{"weekDays":[],"monthDays":[]}},"_id":{"$oid":"650d7d8e766dce0e7a169b23"}},{"active":true,"shouldStopOnFail":false,"uuid":"c9663741-ce05-4bdf-90d4-b96f122ffe2b","name":"In-App","filters":[{"children":[],"_id":{"$oid":"6529549a7b69074d0648536a"}}],"_templateId":{"$oid":"653fa376bbd5a36d6ff739cd"},"_parentId":{"$oid":"650d7d8e766dce0e7a169b23"},"metadata":{"timed":{"weekDays":[],"monthDays":[]}},"_id":{"$oid":"6529549a7b69074d0648535b"}}],"preferenceSettings":{"email":true,"sms":true,"in_app":true,"chat":true,"push":true},"_environmentId":{"$oid":"64cb24c6c71ed8ee9174f74b"},"_organizationId":{"$oid":"64cb24c6c71ed8ee9174f71f"},"_creatorId":{"$oid":"64cb24c1c71ed8ee9174f716"},"_parentId":{"$oid":"650d7ccc766dce0e7a169a40"},"deleted":false,"createdAt":{"$date":"2023-09-29T15:17:57.835Z"},"updatedAt":{"$date":"2024-02-19T10:25:29.437Z"},"__v":0}
{"_id":{"$oid":"6516eaa5b8117bd42b7913d2"},"name":"case-comment","active":true,"draft":false,"critical":true,"isBlueprint":false,"_notificationGroupId":{"$oid":"64f2f9b1b873e8d1600991f9"},"tags":[],"triggers":[{"type":"event","identifier":"case-comment","variables":[{"name":"FullName","type":"String","_id":{"$oid":"65d21f0ffd33bd2d28731973"}},{"name":"RoleName","type":"String","_id":{"$oid":"65d21f0ffd33bd2d28731974"}},{"name":"SrNumber","type":"String","_id":{"$oid":"65d21f0ffd33bd2d28731975"}},{"name":"CaseId","type":"String","_id":{"$oid":"65d21f0ffd33bd2d28731976"}}],"reservedVariables":[],"subscriberVariables":[],"_id":{"$oid":"650d9a9e766dce0e7a16ccf9"}}],"steps":[{"active":true,"shouldStopOnFail":false,"uuid":"0a57440f-b3a0-46b1-a4a0-c770838c99b0","name":"In-App","filters":[{"children":[],"_id":{"$oid":"650d9bf9766dce0e7a16ce37"}}],"_templateId":{"$oid":"6516eaa5b8117bd42b7913c7"},"_parentId":null,"metadata":{"timed":{"weekDays":[],"monthDays":[]}},"_id":{"$oid":"650d9bf9766dce0e7a16ce2a"}}],"preferenceSettings":{"email":true,"sms":true,"in_app":true,"chat":true,"push":true},"_environmentId":{"$oid":"64cb24c6c71ed8ee9174f74b"},"_organizationId":{"$oid":"64cb24c6c71ed8ee9174f71f"},"_creatorId":{"$oid":"64cb24c1c71ed8ee9174f716"},"_parentId":{"$oid":"650d9a9e766dce0e7a16ccf8"},"deleted":false,"createdAt":{"$date":"2023-09-29T15:17:57.956Z"},"updatedAt":{"$date":"2024-02-19T10:25:29.365Z"},"__v":0}
{"_id":{"$oid":"6516eaa6b8117bd42b7913f1"},"name":"pmjay-import","active":true,"draft":false,"critical":true,"isBlueprint":false,"_notificationGroupId":{"$oid":"64f2f9b1b873e8d1600991f9"},"tags":[],"triggers":[{"type":"event","identifier":"pmjay-import","variables":[],"subscriberVariables":[{"name":"email","_id":{"$oid":"651127a8766dce0e7a17283f"}}],"_id":{"$oid":"65112778766dce0e7a1727e4"}}],"steps":[{"active":true,"replyCallback":{"active":false},"shouldStopOnFail":false,"uuid":"c81a59e9-0176-4daf-b76c-d4705dc49230","name":"Email","filters":[{"children":[],"_id":{"$oid":"651127a8766dce0e7a17283e"}}],"_templateId":{"$oid":"6516eaa6b8117bd42b7913e8"},"_parentId":null,"metadata":{"timed":{"weekDays":[],"monthDays":[]}},"_id":{"$oid":"651127a8766dce0e7a172834"}}],"preferenceSettings":{"email":true,"sms":true,"in_app":true,"chat":true,"push":true},"_environmentId":{"$oid":"64cb24c6c71ed8ee9174f74b"},"_organizationId":{"$oid":"64cb24c6c71ed8ee9174f71f"},"_creatorId":{"$oid":"64cb24c1c71ed8ee9174f716"},"_parentId":{"$oid":"65112778766dce0e7a1727e3"},"deleted":false,"createdAt":{"$date":"2023-09-29T15:17:58.066Z"},"updatedAt":{"$date":"2023-09-29T15:17:58.066Z"},"__v":0}
{"_id":{"$oid":"6516eaa6b8117bd42b791466"},"name":"test","active":true,"draft":false,"critical":true,"isBlueprint":false,"_notificationGroupId":{"$oid":"64f2f9b1b873e8d1600991f9"},"tags":[],"triggers":[{"type":"event","identifier":"test","variables":[],"reservedVariables":[],"subscriberVariables":[{"name":"email","_id":{"$oid":"6597fc16b6e105c17a611333"}}],"_id":{"$oid":"65118244b8117bd42b7487bb"}}],"steps":[{"active":true,"replyCallback":{"active":false},"shouldStopOnFail":false,"uuid":"b7447aaa-39e4-4b14-9826-9ce7e1635492","name":"Email","filters":[{"children":[],"_id":{"$oid":"6538bf5da52d358f5a96bfb1"}}],"_templateId":{"$oid":"653fa80bbbd5a36d6ff744cc"},"_parentId":null,"metadata":{"timed":{"weekDays":[],"monthDays":[]}},"_id":{"$oid":"6538bf5ca52d358f5a96bfa7"}}],"preferenceSettings":{"email":true,"sms":true,"in_app":true,"chat":true,"push":true},"_environmentId":{"$oid":"64cb24c6c71ed8ee9174f74b"},"_organizationId":{"$oid":"64cb24c6c71ed8ee9174f71f"},"_creatorId":{"$oid":"64cb24c1c71ed8ee9174f716"},"_parentId":{"$oid":"65118244b8117bd42b7487ba"},"deleted":false,"createdAt":{"$date":"2023-09-29T15:17:58.325Z"},"updatedAt":{"$date":"2024-01-22T18:45:56.144Z"},"__v":0}
{"_id":{"$oid":"6516eaa6b8117bd42b79148b"},"name":"fo-start-investigation","active":true,"draft":false,"critical":true,"isBlueprint":false,"_notificationGroupId":{"$oid":"64f2f9b1b873e8d1600991f9"},"tags":[],"triggers":[{"type":"event","identifier":"fo-start-investigation","variables":[{"name":"FoName","type":"String","_id":{"$oid":"65d21efffd33bd2d287318cd"}},{"name":"SectionName","type":"String","_id":{"$oid":"65d21efffd33bd2d287318ce"}},{"name":"SrNumber","type":"String","_id":{"$oid":"65d21efffd33bd2d287318cf"}},{"name":"CaseId","type":"String","_id":{"$oid":"65d21efffd33bd2d287318d0"}}],"reservedVariables":[],"subscriberVariables":[],"_id":{"$oid":"6514008cb8117bd42b760a45"}}],"steps":[{"active":true,"shouldStopOnFail":false,"uuid":"c03bd4e4-e2b8-4a18-baed-c64495dd90e5","name":"In-App","filters":[{"children":[],"_id":{"$oid":"65141869b8117bd42b7620e5"}}],"_templateId":{"$oid":"6516eaa6b8117bd42b79147f"},"_parentId":null,"metadata":{"timed":{"weekDays":[],"monthDays":[]}},"_id":{"$oid":"65141869b8117bd42b7620d6"}}],"preferenceSettings":{"email":true,"sms":true,"in_app":true,"chat":true,"push":true},"_environmentId":{"$oid":"64cb24c6c71ed8ee9174f74b"},"_organizationId":{"$oid":"64cb24c6c71ed8ee9174f71f"},"_creatorId":{"$oid":"64cb24c1c71ed8ee9174f716"},"_parentId":{"$oid":"6514008cb8117bd42b760a44"},"deleted":false,"createdAt":{"$date":"2023-09-29T15:17:58.448Z"},"updatedAt":{"$date":"2024-02-19T10:25:27.503Z"},"__v":0}
{"_id":{"$oid":"6516eaaab8117bd42b7915f3"},"name":"fo-stop-investigation","active":true,"draft":false,"critical":true,"isBlueprint":false,"_notificationGroupId":{"$oid":"64f2f9b1b873e8d1600991f9"},"tags":[],"triggers":[{"type":"event","identifier":"fo-stop-investigation","variables":[{"name":"FoName","type":"String","_id":{"$oid":"65d21eebfd33bd2d28731832"}},{"name":"SectionName","type":"String","_id":{"$oid":"65d21eebfd33bd2d28731833"}},{"name":"SrNumber","type":"String","_id":{"$oid":"65d21eebfd33bd2d28731834"}},{"name":"CaseId","type":"String","_id":{"$oid":"65d21eebfd33bd2d28731835"}}],"reservedVariables":[],"subscriberVariables":[],"_id":{"$oid":"65141be8b8117bd42b762962"}}],"steps":[{"active":true,"shouldStopOnFail":false,"uuid":"7953c2ab-a6f6-4a9a-9ae7-dce9681ae55b","name":"In-App","filters":[{"children":[],"_id":{"$oid":"65141c02b8117bd42b7629a2"}}],"_templateId":{"$oid":"6516eaaab8117bd42b7915e7"},"_parentId":null,"metadata":{"timed":{"weekDays":[],"monthDays":[]}},"_id":{"$oid":"65141c02b8117bd42b762999"}}],"preferenceSettings":{"email":true,"sms":true,"in_app":true,"chat":true,"push":true},"_environmentId":{"$oid":"64cb24c6c71ed8ee9174f74b"},"_organizationId":{"$oid":"64cb24c6c71ed8ee9174f71f"},"_creatorId":{"$oid":"64cb24c1c71ed8ee9174f716"},"_parentId":{"$oid":"65141be8b8117bd42b762961"},"deleted":false,"createdAt":{"$date":"2023-09-29T15:18:02.305Z"},"updatedAt":{"$date":"2024-02-19T10:25:27.434Z"},"__v":0}
{"_id":{"$oid":"6516eaaab8117bd42b791619"},"name":"closure-pdf-mail","active":true,"draft":false,"critical":true,"isBlueprint":false,"_notificationGroupId":{"$oid":"64f2f9b1b873e8d1600991f9"},"tags":[],"triggers":[{"type":"event","identifier":"closure-pdf-mail","variables":[{"name":"ICManager","type":"String","_id":{"$oid":"6597ef96b6e105c17a61003e"}},{"name":"InsuranceCompany","type":"String","_id":{"$oid":"6597ef96b6e105c17a61003f"}},{"name":"ClaimNumber","type":"String","_id":{"$oid":"6597ef96b6e105c17a610040"}},{"name":"InsuredPersonName","type":"String","_id":{"$oid":"6597ef96b6e105c17a610041"}},{"name":"HospitalName","type":"String","_id":{"$oid":"6597ef96b6e105c17a610042"}},{"name":"AllocationDate","type":"String","_id":{"$oid":"6597ef96b6e105c17a610043"}},{"name":"ClosureTAT","type":"String","_id":{"$oid":"6597ef96b6e105c17a610044"}},{"name":"PrimaryConclusion","type":"String","_id":{"$oid":"6597ef96b6e105c17a610045"}},{"name":"PrimaryStatus","type":"String","_id":{"$oid":"6597ef96b6e105c17a610046"}},{"name":"PrimaryReason1","type":"String","_id":{"$oid":"6597ef96b6e105c17a610047"}},{"name":"PrimaryRemark1","type":"String","_id":{"$oid":"6597ef96b6e105c17a610048"}},{"name":"SecondaryRemark","type":"String","_id":{"$oid":"6597ef96b6e105c17a610049"}},{"name":"DownloadURL","type":"String","_id":{"$oid":"6597ef96b6e105c17a61004a"}},{"name":"CMName","type":"String","_id":{"$oid":"6597ef96b6e105c17a61004b"}},{"name":"contact","type":"String","_id":{"$oid":"6597ef96b6e105c17a61004c"}},{"name":"username","type":"String","_id":{"$oid":"6597ef96b6e105c17a61004d"}},{"name":"DateOfClosure","type":"String","_id":{"$oid":"6597ef96b6e105c17a61004e"}},{"name":"PrimaryReason2","type":"String","_id":{"$oid":"6597ef96b6e105c17a61004f"}},{"name":"PrimaryRemark2","type":"String","_id":{"$oid":"6597ef96b6e105c17a610050"}},{"name":"PrimaryReason3","type":"String","_id":{"$oid":"6597ef96b6e105c17a610051"}},{"name":"PrimaryRemark3","type":"String","_id":{"$oid":"6597ef96b6e105c17a610052"}},{"name":"PrimaryReason4","type":"String","_id":{"$oid":"6597ef96b6e105c17a610053"}},{"name":"PrimaryRemark4","type":"String","_id":{"$oid":"6597ef96b6e105c17a610054"}},{"name":"PrimaryReason5","type":"String","_id":{"$oid":"6597ef96b6e105c17a610055"}},{"name":"PrimaryRemark5","type":"String","_id":{"$oid":"6597ef96b6e105c17a610056"}},{"name":"links","type":"Array","_id":{"$oid":"6597ef96b6e105c17a610057"}},{"name":"links.this","type":"String","_id":{"$oid":"6597ef96b6e105c17a610058"}}],"reservedVariables":[],"subscriberVariables":[{"name":"email","_id":{"$oid":"6597ef96b6e105c17a61003d"}}],"_id":{"$oid":"6515454bb8117bd42b771b6c"}}],"steps":[{"active":true,"replyCallback":{"active":false},"shouldStopOnFail":false,"uuid":"a90b3e3d-ba9b-4ce9-9b8c-6a58dc54f8e2","name":"Email","filters":[{"children":[],"_id":{"$oid":"65154638b8117bd42b771c90"}}],"_templateId":{"$oid":"6516eaaab8117bd42b79160a"},"_parentId":null,"metadata":{"timed":{"weekDays":[],"monthDays":[]}},"_id":{"$oid":"65154638b8117bd42b771c86"}}],"preferenceSettings":{"email":true,"sms":true,"in_app":true,"chat":true,"push":true},"_environmentId":{"$oid":"64cb24c6c71ed8ee9174f74b"},"_organizationId":{"$oid":"64cb24c6c71ed8ee9174f71f"},"_creatorId":{"$oid":"64cb24c1c71ed8ee9174f716"},"_parentId":{"$oid":"6515454bb8117bd42b771b6b"},"deleted":false,"createdAt":{"$date":"2023-09-29T15:18:02.393Z"},"updatedAt":{"$date":"2024-01-05T12:01:33.379Z"},"__v":0}
{"_id":{"$oid":"652e9be57b69074d0648b3cd"},"name":"expert-case-allocation","active":true,"draft":false,"critical":true,"isBlueprint":false,"_notificationGroupId":{"$oid":"64f2f9b1b873e8d1600991f9"},"tags":[],"triggers":[{"type":"event","identifier":"expert-case-allocation","variables":[{"name":"ClaimNumber","type":"String","_id":{"$oid":"65d30331fd33bd2d287366cc"}},{"name":"Formatted_SrNumber","type":"String","_id":{"$oid":"65d30331fd33bd2d287366cd"}},{"name":"ExpertName","type":"String","_id":{"$oid":"65d30331fd33bd2d287366ce"}},{"name":"PolicyNumber","type":"String","_id":{"$oid":"65d30331fd33bd2d287366cf"}},{"name":"ClaimType","type":"String","_id":{"$oid":"65d30331fd33bd2d287366d0"}},{"name":"ClaimSubType","type":"String","_id":{"$oid":"65d30331fd33bd2d287366d1"}},{"name":"HospitalName","type":"String","_id":{"$oid":"65d30331fd33bd2d287366d2"}},{"name":"HospitalAddress","type":"String","_id":{"$oid":"65d30331fd33bd2d287366d3"}},{"name":"InsuredPersonName","type":"String","_id":{"$oid":"65d30331fd33bd2d287366d4"}},{"name":"InsuredAddress","type":"String","_id":{"$oid":"65d30331fd33bd2d287366d5"}},{"name":"TreatingDoctor","type":"String","_id":{"$oid":"65d30331fd33bd2d287366d6"}},{"name":"LaboratoryName","type":"String","_id":{"$oid":"65d30331fd33bd2d287366d7"}},{"name":"PathologistName","type":"String","_id":{"$oid":"65d30331fd33bd2d287366d8"}},{"name":"DateOfAllocation","type":"String","_id":{"$oid":"65d30331fd33bd2d287366d9"}},{"name":"ICTAT","type":"String","_id":{"$oid":"65d30331fd33bd2d287366da"}},{"name":"PhoenixTAT","type":"String","_id":{"$oid":"65d30331fd33bd2d287366db"}},{"name":"InsuranceCompanyTrigger","type":"String","_id":{"$oid":"65d30331fd33bd2d287366dc"}},{"name":"AllocationManagerTrigger","type":"String","_id":{"$oid":"65d30331fd33bd2d287366dd"}},{"name":"CaseStatus","type":"String","_id":{"$oid":"65d30331fd33bd2d287366de"}},{"name":"SpocName","type":"String","_id":{"$oid":"65d30331fd33bd2d287366df"}},{"name":"Id","type":"String","_id":{"$oid":"65d30331fd33bd2d287366e0"}}],"reservedVariables":[],"subscriberVariables":[{"name":"email","_id":{"$oid":"65d30331fd33bd2d287366cb"}}],"_id":{"$oid":"6525515adcd057f1afb081c9"}}],"steps":[{"active":true,"replyCallback":{"active":false},"shouldStopOnFail":false,"uuid":"da41073e-b2bf-42c8-ad0a-c644e6448159","name":"Email","filters":[{"children":[],"_id":{"$oid":"652552a7dcd057f1afb086ea"}}],"_templateId":{"$oid":"652e9be47b69074d0648b3a3"},"_parentId":null,"metadata":{"timed":{"weekDays":[],"monthDays":[]}},"_id":{"$oid":"652552a7dcd057f1afb086b6"}},{"active":true,"shouldStopOnFail":false,"uuid":"43101a9e-1f32-47e9-b9f7-6bd3baca9e81","name":"In-App","filters":[{"children":[],"_id":{"$oid":"652552a7dcd057f1afb086ec"}}],"_templateId":{"$oid":"652e9be57b69074d0648b3b6"},"_parentId":{"$oid":"652552a7dcd057f1afb086b6"},"metadata":{"timed":{"weekDays":[],"monthDays":[]}},"_id":{"$oid":"652552a7dcd057f1afb086d1"}},{"active":true,"shouldStopOnFail":false,"uuid":"07c88d75-c196-49d9-b1a4-af5f21c1dece","name":"Push","filters":[{"children":[],"_id":{"$oid":"652552a7dcd057f1afb086ee"}}],"_templateId":{"$oid":"652e9be57b69074d0648b3c2"},"_parentId":{"$oid":"652552a7dcd057f1afb086d1"},"metadata":{"timed":{"weekDays":[],"monthDays":[]}},"_id":{"$oid":"652552a7dcd057f1afb086dd"}}],"preferenceSettings":{"email":true,"sms":true,"in_app":true,"chat":true,"push":true},"_environmentId":{"$oid":"64cb24c6c71ed8ee9174f74b"},"_organizationId":{"$oid":"64cb24c6c71ed8ee9174f71f"},"_creatorId":{"$oid":"64cb24c1c71ed8ee9174f716"},"_parentId":{"$oid":"6525515adcd057f1afb081c8"},"deleted":false,"createdAt":{"$date":"2023-10-17T14:36:21.451Z"},"updatedAt":{"$date":"2024-02-19T10:25:27.345Z"},"__v":0}
{"_id":{"$oid":"652e9be67b69074d0648b401"},"name":"accountant-case-allocation","active":true,"draft":false,"critical":true,"isBlueprint":false,"_notificationGroupId":{"$oid":"64f2f9b1b873e8d1600991f9"},"tags":[],"triggers":[{"type":"event","identifier":"accountant-case-allocation","variables":[{"name":"ClaimNumber","type":"String","_id":{"$oid":"65d30095fd33bd2d28735ea6"}},{"name":"Formatted_SrNumber","type":"String","_id":{"$oid":"65d30095fd33bd2d28735ea7"}},{"name":"AccountantName","type":"String","_id":{"$oid":"65d30095fd33bd2d28735ea8"}},{"name":"PolicyNumber","type":"String","_id":{"$oid":"65d30095fd33bd2d28735ea9"}},{"name":"ClaimType","type":"String","_id":{"$oid":"65d30095fd33bd2d28735eaa"}},{"name":"ClaimSubType","type":"String","_id":{"$oid":"65d30095fd33bd2d28735eab"}},{"name":"HospitalName","type":"String","_id":{"$oid":"65d30095fd33bd2d28735eac"}},{"name":"HospitalAddress","type":"String","_id":{"$oid":"65d30095fd33bd2d28735ead"}},{"name":"InsuredFirstName","type":"String","_id":{"$oid":"65d30095fd33bd2d28735eae"}},{"name":"InsuredAddress","type":"String","_id":{"$oid":"65d30095fd33bd2d28735eaf"}},{"name":"TreatingDoctor","type":"String","_id":{"$oid":"65d30095fd33bd2d28735eb0"}},{"name":"LaboratoryName","type":"String","_id":{"$oid":"65d30095fd33bd2d28735eb1"}},{"name":"PathologistName","type":"String","_id":{"$oid":"65d30095fd33bd2d28735eb2"}},{"name":"DateOfAllocation","type":"String","_id":{"$oid":"65d30095fd33bd2d28735eb3"}},{"name":"ICTAT","type":"String","_id":{"$oid":"65d30095fd33bd2d28735eb4"}},{"name":"PhoenixTAT","type":"String","_id":{"$oid":"65d30095fd33bd2d28735eb5"}},{"name":"InsuranceCompanyTrigger","type":"String","_id":{"$oid":"65d30095fd33bd2d28735eb6"}},{"name":"AllocationManagerTrigger","type":"String","_id":{"$oid":"65d30095fd33bd2d28735eb7"}},{"name":"CaseStatus","type":"String","_id":{"$oid":"65d30095fd33bd2d28735eb8"}},{"name":"SpocName","type":"String","_id":{"$oid":"65d30095fd33bd2d28735eb9"}},{"name":"Id","type":"String","_id":{"$oid":"65d30095fd33bd2d28735eba"}}],"reservedVariables":[],"subscriberVariables":[{"name":"email","_id":{"$oid":"65d30095fd33bd2d28735ea5"}}],"_id":{"$oid":"65263550dcd057f1afb09742"}}],"steps":[{"active":true,"replyCallback":{"active":false},"shouldStopOnFail":false,"uuid":"1af781b3-3f0c-4557-93bd-d1d09d728ca4","name":"Email","filters":[{"children":[],"_id":{"$oid":"652635afdcd057f1afb0982f"}}],"_templateId":{"$oid":"652e9be57b69074d0648b3ef"},"_parentId":null,"metadata":{"timed":{"weekDays":[],"monthDays":[]}},"_id":{"$oid":"652635afdcd057f1afb09823"}},{"active":true,"shouldStopOnFail":false,"uuid":"3e4be0ee-a1c2-4466-8a52-98cd808e1d3d","name":"In-App","filters":[{"children":[],"_id":{"$oid":"65606408b6e105c17a59deed"}}],"_templateId":{"$oid":"6572de41b6e105c17a5baa73"},"_parentId":{"$oid":"652635afdcd057f1afb09823"},"metadata":{"timed":{"weekDays":[],"monthDays":[]}},"_id":{"$oid":"65606408b6e105c17a59dede"}}],"preferenceSettings":{"email":true,"sms":true,"in_app":true,"chat":true,"push":true},"_environmentId":{"$oid":"64cb24c6c71ed8ee9174f74b"},"_organizationId":{"$oid":"64cb24c6c71ed8ee9174f71f"},"_creatorId":{"$oid":"64cb24c1c71ed8ee9174f716"},"_parentId":{"$oid":"65263550dcd057f1afb09741"},"deleted":false,"createdAt":{"$date":"2023-10-17T14:36:22.357Z"},"updatedAt":{"$date":"2024-02-19T10:25:27.182Z"},"__v":0}
{"_id":{"$oid":"652fc1de7b69074d0648f7f1"},"name":"case-reinvestigation","active":true,"draft":false,"critical":true,"isBlueprint":false,"_notificationGroupId":{"$oid":"64f2f9b1b873e8d1600991f9"},"tags":[],"triggers":[{"type":"event","identifier":"case-reinvestigation","variables":[{"name":"FullName","type":"String","_id":{"$oid":"65d21df8fd33bd2d2873094f"}},{"name":"RoleName","type":"String","_id":{"$oid":"65d21df8fd33bd2d28730950"}},{"name":"SectionName","type":"String","_id":{"$oid":"65d21df8fd33bd2d28730951"}},{"name":"SrNumber","type":"String","_id":{"$oid":"65d21df8fd33bd2d28730952"}},{"name":"CaseId","type":"String","_id":{"$oid":"65d21df8fd33bd2d28730953"}},{"name":"ClaimNumber","type":"String","_id":{"$oid":"65d21df8fd33bd2d28730954"}},{"name":"PolicyNumber","type":"String","_id":{"$oid":"65d21df8fd33bd2d28730955"}},{"name":"ClaimType","type":"String","_id":{"$oid":"65d21df8fd33bd2d28730956"}},{"name":"ClaimSubType","type":"String","_id":{"$oid":"65d21df8fd33bd2d28730957"}},{"name":"HospitalName","type":"String","_id":{"$oid":"65d21df8fd33bd2d28730958"}},{"name":"PhoenixTAT","type":"String","_id":{"$oid":"65d21df8fd33bd2d28730959"}},{"name":"CaseStatus","type":"String","_id":{"$oid":"65d21df8fd33bd2d2873095a"}}],"reservedVariables":[],"subscriberVariables":[{"name":"email","_id":{"$oid":"65d21df8fd33bd2d2873094e"}}],"_id":{"$oid":"652fb2d67b69074d0648ef1d"}}],"steps":[{"active":true,"shouldStopOnFail":false,"uuid":"4135e23a-bb9c-434a-a2c5-ecd6496cd120","name":"In-App","filters":[{"children":[],"_id":{"$oid":"652fb3757b69074d0648efbf"}}],"_templateId":{"$oid":"652fc1dd7b69074d0648f7d8"},"_parentId":null,"metadata":{"timed":{"weekDays":[],"monthDays":[]}},"_id":{"$oid":"652fb3747b69074d0648efa2"}},{"active":true,"shouldStopOnFail":false,"uuid":"76c8aeec-d441-40e5-b26f-e3f1e948a6f4","name":"Push","filters":[{"children":[],"_id":{"$oid":"652fb3757b69074d0648efc1"}}],"_templateId":{"$oid":"652fc1dd7b69074d0648f7e5"},"_parentId":{"$oid":"652fb3747b69074d0648efa2"},"metadata":{"timed":{"weekDays":[],"monthDays":[]}},"_id":{"$oid":"652fb3747b69074d0648efb0"}},{"active":true,"replyCallback":{"active":false},"shouldStopOnFail":false,"uuid":"bf834829-37f8-4fab-83b5-3789eaad8ed1","name":"Email","filters":[{"children":[],"_id":{"$oid":"653135d899d5921a8ef131a9"}}],"_templateId":{"$oid":"653fa807bbd5a36d6ff7424e"},"_parentId":{"$oid":"652fb3747b69074d0648efb0"},"metadata":{"timed":{"weekDays":[],"monthDays":[]}},"_id":{"$oid":"653135d899d5921a8ef1319b"}}],"preferenceSettings":{"email":true,"sms":true,"in_app":true,"chat":true,"push":true},"_environmentId":{"$oid":"64cb24c6c71ed8ee9174f74b"},"_organizationId":{"$oid":"64cb24c6c71ed8ee9174f71f"},"_creatorId":{"$oid":"64cb24c1c71ed8ee9174f716"},"_parentId":{"$oid":"652fb2d67b69074d0648ef1c"},"deleted":false,"createdAt":{"$date":"2023-10-18T11:30:38.883Z"},"updatedAt":{"$date":"2024-02-19T10:25:26.822Z"},"__v":0}
{"_id":{"$oid":"652fd76999d5921a8ef0e936"},"name":"case-investigation-comment","active":true,"draft":false,"critical":true,"isBlueprint":false,"_notificationGroupId":{"$oid":"64f2f9b1b873e8d1600991f9"},"tags":[],"triggers":[{"type":"event","identifier":"case-investigation-comment","variables":[{"name":"FullName","type":"String","_id":{"$oid":"65d21db8fd33bd2d287305d8"}},{"name":"RoleName","type":"String","_id":{"$oid":"65d21db8fd33bd2d287305d9"}},{"name":"SectionName","type":"String","_id":{"$oid":"65d21db8fd33bd2d287305da"}},{"name":"SrNumber","type":"String","_id":{"$oid":"65d21db8fd33bd2d287305db"}},{"name":"CaseId","type":"String","_id":{"$oid":"65d21db8fd33bd2d287305dc"}}],"reservedVariables":[],"subscriberVariables":[],"_id":{"$oid":"652fcebd7b69074d06490273"}}],"steps":[{"active":true,"shouldStopOnFail":false,"uuid":"b484a25f-b83b-4e61-8022-5b7b5003af2b","name":"In-App","filters":[{"children":[],"_id":{"$oid":"652fcf1b7b69074d064902eb"}}],"_templateId":{"$oid":"652fd76999d5921a8ef0e92a"},"_parentId":null,"metadata":{"timed":{"weekDays":[],"monthDays":[]}},"_id":{"$oid":"652fcf1a7b69074d064902dc"}},{"active":true,"shouldStopOnFail":false,"uuid":"4c75250a-9f60-4c79-8eee-cc2156f0c20d","name":"Push","filters":[{"children":[],"_id":{"$oid":"65327a0b99d5921a8ef17dc7"}}],"_templateId":{"$oid":"653fa807bbd5a36d6ff74140"},"_parentId":{"$oid":"652fcf1a7b69074d064902dc"},"metadata":{"timed":{"weekDays":[],"monthDays":[]}},"_id":{"$oid":"65327a0b99d5921a8ef17db4"}}],"preferenceSettings":{"email":true,"sms":true,"in_app":true,"chat":true,"push":true},"_environmentId":{"$oid":"64cb24c6c71ed8ee9174f74b"},"_organizationId":{"$oid":"64cb24c6c71ed8ee9174f71f"},"_creatorId":{"$oid":"64cb24c1c71ed8ee9174f716"},"_parentId":{"$oid":"652fcebd7b69074d06490272"},"deleted":false,"createdAt":{"$date":"2023-10-18T13:02:33.872Z"},"updatedAt":{"$date":"2024-02-19T10:25:26.654Z"},"__v":0}
{"_id":{"$oid":"653fa376bbd5a36d6ff738d3"},"name":"payment-status-changed","active":true,"draft":false,"critical":true,"isBlueprint":false,"_notificationGroupId":{"$oid":"64f2f9b1b873e8d1600991f9"},"tags":[],"triggers":[{"type":"event","identifier":"payment-status-changed","variables":[{"name":"PaymentNumber","type":"String","_id":{"$oid":"65d21e54fd33bd2d28730e43"}},{"name":"UpdatedBy","type":"String","_id":{"$oid":"65d21e54fd33bd2d28730e44"}},{"name":"CaseNumber","type":"String","_id":{"$oid":"65d21e54fd33bd2d28730e45"}},{"name":"PaymentId","type":"String","_id":{"$oid":"65d21e54fd33bd2d28730e46"}}],"reservedVariables":[],"subscriberVariables":[{"name":"email","_id":{"$oid":"65d21e54fd33bd2d28730e42"}}],"_id":{"$oid":"65264c0adcd057f1afb0a948"}}],"steps":[{"active":true,"shouldStopOnFail":false,"uuid":"e4ec10e0-8622-4e50-b830-8aef0834ecb4","name":"In-App","filters":[{"children":[],"_id":{"$oid":"65264cc5dcd057f1afb0ab01"}}],"_templateId":{"$oid":"653fa376bbd5a36d6ff738a8"},"_parentId":null,"metadata":{"timed":{"weekDays":[],"monthDays":[]}},"_id":{"$oid":"65264cc5dcd057f1afb0aae0"}},{"active":true,"shouldStopOnFail":false,"uuid":"3690873e-b7cf-420c-b6f7-f03ea36eed1c","name":"Push","filters":[{"children":[],"_id":{"$oid":"65264cc5dcd057f1afb0ab03"}}],"_templateId":{"$oid":"653fa376bbd5a36d6ff738b5"},"_parentId":{"$oid":"65264cc5dcd057f1afb0aae0"},"metadata":{"timed":{"weekDays":[],"monthDays":[]}},"_id":{"$oid":"65264cc5dcd057f1afb0aaf0"}},{"active":true,"replyCallback":{"active":false},"shouldStopOnFail":false,"uuid":"e7d52932-6f6f-4782-8ee7-ac8a5b50c363","name":"Email","filters":[{"children":[],"_id":{"$oid":"6531457799d5921a8ef1390e"}}],"_templateId":{"$oid":"653fa376bbd5a36d6ff738c7"},"_parentId":{"$oid":"65264cc5dcd057f1afb0aaf0"},"metadata":{"timed":{"weekDays":[],"monthDays":[]}},"_id":{"$oid":"6531457799d5921a8ef138fa"}}],"preferenceSettings":{"email":true,"sms":true,"in_app":true,"chat":true,"push":true},"_environmentId":{"$oid":"64cb24c6c71ed8ee9174f74b"},"_organizationId":{"$oid":"64cb24c6c71ed8ee9174f71f"},"_creatorId":{"$oid":"64cb24c1c71ed8ee9174f716"},"_parentId":{"$oid":"65264c0adcd057f1afb0a947"},"deleted":false,"createdAt":{"$date":"2023-10-30T12:37:10.254Z"},"updatedAt":{"$date":"2024-02-19T10:25:27.069Z"},"__v":0}
{"_id":{"$oid":"653fa376bbd5a36d6ff73905"},"name":"payment-comment","active":true,"draft":false,"critical":true,"isBlueprint":false,"_notificationGroupId":{"$oid":"64f2f9b1b873e8d1600991f9"},"tags":[],"triggers":[{"type":"event","identifier":"payment-comment","variables":[{"name":"PaymentNumber","type":"String","_id":{"$oid":"65d21e32fd33bd2d28730bf7"}},{"name":"CommentedBy","type":"String","_id":{"$oid":"65d21e32fd33bd2d28730bf8"}},{"name":"RoleName","type":"String","_id":{"$oid":"65d21e32fd33bd2d28730bf9"}},{"name":"CaseNumber","type":"String","_id":{"$oid":"65d21e32fd33bd2d28730bfa"}},{"name":"PaymentId","type":"String","_id":{"$oid":"65d21e32fd33bd2d28730bfb"}}],"reservedVariables":[],"subscriberVariables":[],"_id":{"$oid":"652664e0dcd057f1afb0be1e"}}],"steps":[{"active":true,"shouldStopOnFail":false,"uuid":"5b52705e-099f-4d18-9bcc-4308f0a045a6","name":"In-App","filters":[{"children":[],"_id":{"$oid":"65266ee6dcd057f1afb0c476"}}],"_templateId":{"$oid":"653fa376bbd5a36d6ff738ea"},"_parentId":null,"metadata":{"timed":{"weekDays":[],"monthDays":[]}},"_id":{"$oid":"65266ee6dcd057f1afb0c465"}},{"active":true,"shouldStopOnFail":false,"uuid":"fc9e20cb-93a1-484f-a961-ff9c50a355eb","name":"Push","filters":[{"children":[],"_id":{"$oid":"65266ee6dcd057f1afb0c478"}}],"_templateId":{"$oid":"653fa376bbd5a36d6ff738f8"},"_parentId":{"$oid":"65266ee6dcd057f1afb0c465"},"metadata":{"timed":{"weekDays":[],"monthDays":[]}},"_id":{"$oid":"65266ee6dcd057f1afb0c46d"}}],"preferenceSettings":{"email":true,"sms":true,"in_app":true,"chat":true,"push":true},"_environmentId":{"$oid":"64cb24c6c71ed8ee9174f74b"},"_organizationId":{"$oid":"64cb24c6c71ed8ee9174f71f"},"_creatorId":{"$oid":"64cb24c1c71ed8ee9174f716"},"_parentId":{"$oid":"652664e0dcd057f1afb0be1d"},"deleted":false,"createdAt":{"$date":"2023-10-30T12:37:10.349Z"},"updatedAt":{"$date":"2024-02-19T10:25:26.928Z"},"__v":0}
{"_id":{"$oid":"653fa376bbd5a36d6ff73933"},"name":"subfo-case-allocation","active":true,"draft":false,"critical":true,"isBlueprint":false,"_notificationGroupId":{"$oid":"64f2f9b1b873e8d1600991f9"},"tags":[],"triggers":[{"type":"event","identifier":"subfo-case-allocation","variables":[{"name":"SrNumber","type":"String","_id":{"$oid":"65682ee2b6e105c17a5ab69d"}},{"name":"SectionName","type":"String","_id":{"$oid":"65682ee2b6e105c17a5ab69e"}},{"name":"FirstName","type":"String","_id":{"$oid":"65682ee2b6e105c17a5ab69f"}}],"reservedVariables":[],"subscriberVariables":[],"_id":{"$oid":"6527c285dcd057f1afb1a04b"}}],"steps":[{"active":true,"shouldStopOnFail":false,"uuid":"87d36386-b39d-4626-b188-8351ba73be6b","name":"Push","filters":[{"children":[],"_id":{"$oid":"6527c312dcd057f1afb1a156"}}],"_templateId":{"$oid":"653fa376bbd5a36d6ff7391a"},"_parentId":null,"metadata":{"timed":{"weekDays":[],"monthDays":[]}},"_id":{"$oid":"6527c312dcd057f1afb1a139"}},{"active":true,"shouldStopOnFail":false,"uuid":"503dbf90-0a1f-4995-8802-72249581ff1d","name":"In-App","filters":[{"children":[],"_id":{"$oid":"6527c312dcd057f1afb1a158"}}],"_templateId":{"$oid":"653fa376bbd5a36d6ff73927"},"_parentId":{"$oid":"6527c312dcd057f1afb1a139"},"metadata":{"timed":{"weekDays":[],"monthDays":[]}},"_id":{"$oid":"6527c312dcd057f1afb1a147"}}],"preferenceSettings":{"email":true,"sms":true,"in_app":true,"chat":true,"push":true},"_environmentId":{"$oid":"64cb24c6c71ed8ee9174f74b"},"_organizationId":{"$oid":"64cb24c6c71ed8ee9174f71f"},"_creatorId":{"$oid":"64cb24c1c71ed8ee9174f716"},"_parentId":{"$oid":"6527c285dcd057f1afb1a04a"},"deleted":false,"createdAt":{"$date":"2023-10-30T12:37:10.454Z"},"updatedAt":{"$date":"2023-12-08T09:13:53.837Z"},"__v":0}
{"_id":{"$oid":"653fa376bbd5a36d6ff73960"},"name":"subfo-case-pullback","active":true,"draft":false,"critical":true,"isBlueprint":false,"_notificationGroupId":{"$oid":"64f2f9b1b873e8d1600991f9"},"tags":[],"triggers":[{"type":"event","identifier":"subfo-case-pullback","variables":[{"name":"SrNumber","type":"String","_id":{"$oid":"65d21e17fd33bd2d28730aa7"}},{"name":"SectionName","type":"String","_id":{"$oid":"65d21e17fd33bd2d28730aa8"}},{"name":"FirstName","type":"String","_id":{"$oid":"65d21e17fd33bd2d28730aa9"}}],"reservedVariables":[],"subscriberVariables":[],"_id":{"$oid":"6527c356dcd057f1afb1a20f"}}],"steps":[{"active":true,"shouldStopOnFail":false,"uuid":"0b135750-a407-4bf3-a13f-f20396c50eca","name":"Push","filters":[{"children":[],"_id":{"$oid":"6527c3a4dcd057f1afb1a299"}}],"_templateId":{"$oid":"653fa376bbd5a36d6ff73947"},"_parentId":null,"metadata":{"timed":{"weekDays":[],"monthDays":[]}},"_id":{"$oid":"6527c3a4dcd057f1afb1a27c"}},{"active":true,"shouldStopOnFail":false,"uuid":"8594dc9b-f478-4590-bdfb-1eb6e0423fab","name":"In-App","filters":[{"children":[],"_id":{"$oid":"6527c3a4dcd057f1afb1a29b"}}],"_templateId":{"$oid":"653fa376bbd5a36d6ff73954"},"_parentId":{"$oid":"6527c3a4dcd057f1afb1a27c"},"metadata":{"timed":{"weekDays":[],"monthDays":[]}},"_id":{"$oid":"6527c3a4dcd057f1afb1a28a"}}],"preferenceSettings":{"email":true,"sms":true,"in_app":true,"chat":true,"push":true},"_environmentId":{"$oid":"64cb24c6c71ed8ee9174f74b"},"_organizationId":{"$oid":"64cb24c6c71ed8ee9174f71f"},"_creatorId":{"$oid":"64cb24c1c71ed8ee9174f716"},"_parentId":{"$oid":"6527c356dcd057f1afb1a20e"},"deleted":false,"createdAt":{"$date":"2023-10-30T12:37:10.536Z"},"updatedAt":{"$date":"2024-02-19T10:25:33.595Z"},"__v":0}
{"_id":{"$oid":"655c8809b6e105c17a58cf8c"},"name":"FO-Partial-Case-Allocation","description":"FO-Partial-Case-Allocation","active":true,"draft":false,"critical":true,"isBlueprint":false,"_notificationGroupId":{"$oid":"64f2f9b1b873e8d1600991f9"},"tags":[],"triggers":[{"type":"event","identifier":"fo-partial-case-allocation","variables":[{"name":"SrNumber","type":"String","_id":{"$oid":"65d21da2fd33bd2d28730421"}},{"name":"SectionName","type":"String","_id":{"$oid":"65d21da2fd33bd2d28730422"}},{"name":"FOName","type":"String","_id":{"$oid":"65d21da2fd33bd2d28730423"}},{"name":"CaseId","type":"String","_id":{"$oid":"65d21da2fd33bd2d28730424"}},{"name":"ClaimNumber","type":"String","_id":{"$oid":"65d21da2fd33bd2d28730425"}},{"name":"PolicyNumber","type":"String","_id":{"$oid":"65d21da2fd33bd2d28730426"}},{"name":"ClaimType","type":"String","_id":{"$oid":"65d21da2fd33bd2d28730427"}},{"name":"ClaimSubType","type":"String","_id":{"$oid":"65d21da2fd33bd2d28730428"}},{"name":"HospitalName","type":"String","_id":{"$oid":"65d21da2fd33bd2d28730429"}},{"name":"HospitalAddress","type":"String","_id":{"$oid":"65d21da2fd33bd2d2873042a"}},{"name":"InsuredFirstName","type":"String","_id":{"$oid":"65d21da2fd33bd2d2873042b"}},{"name":"InsuredAddress","type":"String","_id":{"$oid":"65d21da2fd33bd2d2873042c"}},{"name":"TreatingDoctor","type":"String","_id":{"$oid":"65d21da2fd33bd2d2873042d"}},{"name":"LaboratoryName","type":"String","_id":{"$oid":"65d21da2fd33bd2d2873042e"}},{"name":"PathologistName","type":"String","_id":{"$oid":"65d21da2fd33bd2d2873042f"}},{"name":"DateOfAllocation","type":"String","_id":{"$oid":"65d21da2fd33bd2d28730430"}},{"name":"ICTAT","type":"String","_id":{"$oid":"65d21da2fd33bd2d28730431"}},{"name":"PhoenixTAT","type":"String","_id":{"$oid":"65d21da2fd33bd2d28730432"}},{"name":"InsuranceCompanyTrigger","type":"String","_id":{"$oid":"65d21da2fd33bd2d28730433"}},{"name":"AllocationManagerTrigger","type":"String","_id":{"$oid":"65d21da2fd33bd2d28730434"}},{"name":"CaseStatus","type":"String","_id":{"$oid":"65d21da2fd33bd2d28730435"}},{"name":"SpocName","type":"String","_id":{"$oid":"65d21da2fd33bd2d28730436"}}],"reservedVariables":[],"subscriberVariables":[{"name":"email","_id":{"$oid":"65d21da2fd33bd2d28730420"}}],"_id":{"$oid":"6549dac96ef5fca7d22ccc84"}}],"steps":[{"active":true,"shouldStopOnFail":false,"uuid":"5aa6ec69-28a6-48c4-a095-33b37de7d07c","name":"In-App","filters":[{"children":[],"_id":{"$oid":"655237e86ef5fca7d22da395"}}],"_templateId":{"$oid":"655c8809b6e105c17a58cf5a"},"_parentId":null,"metadata":{"timed":{"weekDays":[],"monthDays":[]}},"_id":{"$oid":"655237e86ef5fca7d22da35b"}},{"active":true,"replyCallback":{"active":false},"shouldStopOnFail":false,"uuid":"b9b8b178-4c07-4c2d-b1ce-195ca3aed056","name":"Email","filters":[{"children":[],"_id":{"$oid":"655237e86ef5fca7d22da397"}}],"_templateId":{"$oid":"655c8809b6e105c17a58cf6c"},"_parentId":{"$oid":"655237e86ef5fca7d22da35b"},"metadata":{"timed":{"weekDays":[],"monthDays":[]}},"_id":{"$oid":"655237e86ef5fca7d22da369"}},{"active":true,"shouldStopOnFail":false,"uuid":"9c7409bb-3d76-45e8-b432-b875a4b7fd3a","name":"Push","filters":[{"children":[],"_id":{"$oid":"655237e86ef5fca7d22da399"}}],"_templateId":{"$oid":"655c8809b6e105c17a58cf80"},"_parentId":{"$oid":"655237e86ef5fca7d22da369"},"metadata":{"timed":{"weekDays":[],"monthDays":[]}},"_id":{"$oid":"655237e86ef5fca7d22da386"}}],"preferenceSettings":{"email":true,"sms":true,"in_app":true,"chat":true,"push":true},"_environmentId":{"$oid":"64cb24c6c71ed8ee9174f74b"},"_organizationId":{"$oid":"64cb24c6c71ed8ee9174f71f"},"_creatorId":{"$oid":"64cb24c1c71ed8ee9174f716"},"_parentId":{"$oid":"6549dac96ef5fca7d22ccc83"},"deleted":false,"createdAt":{"$date":"2023-11-21T10:35:53.638Z"},"updatedAt":{"$date":"2024-02-19T10:25:26.526Z"},"__v":0}
{"_id":{"$oid":"655c880bb6e105c17a58d0b3"},"name":"Section Pull Back ","active":true,"draft":false,"critical":true,"isBlueprint":false,"_notificationGroupId":{"$oid":"64f2f9b1b873e8d1600991f9"},"tags":[],"triggers":[{"type":"event","identifier":"section-pull-back","variables":[{"name":"SrNumber","type":"String","_id":{"$oid":"65d21d53fd33bd2d2872fdde"}},{"name":"PullbackBy","type":"String","_id":{"$oid":"65d21d53fd33bd2d2872fddf"}},{"name":"ClaimNumber","type":"String","_id":{"$oid":"65d21d53fd33bd2d2872fde0"}},{"name":"InsuredFirstName","type":"String","_id":{"$oid":"65d21d53fd33bd2d2872fde1"}},{"name":"PolicyNumber","type":"String","_id":{"$oid":"65d21d53fd33bd2d2872fde2"}},{"name":"ClaimType","type":"String","_id":{"$oid":"65d21d53fd33bd2d2872fde3"}},{"name":"ClaimSubType","type":"String","_id":{"$oid":"65d21d53fd33bd2d2872fde4"}},{"name":"SectionName","type":"String","_id":{"$oid":"65d21d53fd33bd2d2872fde5"}},{"name":"HospitalName","type":"String","_id":{"$oid":"65d21d53fd33bd2d2872fde6"}},{"name":"PhoenixTAT","type":"String","_id":{"$oid":"65d21d53fd33bd2d2872fde7"}},{"name":"CaseStatus","type":"String","_id":{"$oid":"65d21d53fd33bd2d2872fde8"}},{"name":"FOname","type":"String","_id":{"$oid":"65d21d53fd33bd2d2872fde9"}},{"name":"RoleName","type":"String","_id":{"$oid":"65d21d53fd33bd2d2872fdea"}}],"reservedVariables":[],"subscriberVariables":[{"name":"email","_id":{"$oid":"65d21d53fd33bd2d2872fddd"}}],"_id":{"$oid":"6555bbea6ef5fca7d22dadd3"}}],"steps":[{"active":true,"replyCallback":{"active":false},"shouldStopOnFail":false,"uuid":"4e7a78bc-90be-42fc-aaca-f4b2f0d4246c","name":"Email","filters":[{"children":[],"_id":{"$oid":"6555bea26ef5fca7d22db02c"}}],"_templateId":{"$oid":"655c880bb6e105c17a58d083"},"_parentId":null,"metadata":{"timed":{"weekDays":[],"monthDays":[]}},"_id":{"$oid":"6555bea26ef5fca7d22dafec"}},{"active":true,"shouldStopOnFail":false,"uuid":"40956cd2-6b92-4684-b47c-b9d7a45f7201","name":"In-App","filters":[{"children":[],"_id":{"$oid":"6555bea26ef5fca7d22db02e"}}],"_templateId":{"$oid":"655c880bb6e105c17a58d098"},"_parentId":{"$oid":"6555bea26ef5fca7d22dafec"},"metadata":{"timed":{"weekDays":[],"monthDays":[]}},"_id":{"$oid":"6555bea26ef5fca7d22db00b"}},{"active":true,"shouldStopOnFail":false,"uuid":"ff20deb4-bf76-42e7-9d0a-df0d36bd3e51","name":"Push","filters":[{"children":[],"_id":{"$oid":"6555bea26ef5fca7d22db030"}}],"_templateId":{"$oid":"655c880bb6e105c17a58d0a7"},"_parentId":{"$oid":"6555bea26ef5fca7d22db00b"},"metadata":{"timed":{"weekDays":[],"monthDays":[]}},"_id":{"$oid":"6555bea26ef5fca7d22db01d"}}],"preferenceSettings":{"email":true,"sms":true,"in_app":true,"chat":true,"push":true},"_environmentId":{"$oid":"64cb24c6c71ed8ee9174f74b"},"_organizationId":{"$oid":"64cb24c6c71ed8ee9174f71f"},"_creatorId":{"$oid":"64cb24c1c71ed8ee9174f716"},"_parentId":{"$oid":"6555bbea6ef5fca7d22dadd2"},"deleted":false,"createdAt":{"$date":"2023-11-21T10:35:55.963Z"},"updatedAt":{"$date":"2024-02-19T10:25:26.38Z"},"__v":0}
{"_id":{"$oid":"658d3742b6e105c17a5ecd86"},"name":"Untitled","active":true,"draft":false,"critical":true,"isBlueprint":false,"_notificationGroupId":{"$oid":"64f2f9b1b873e8d1600991f9"},"tags":[],"triggers":[{"type":"event","identifier":"untitled","variables":[],"reservedVariables":[],"subscriberVariables":[],"_id":{"$oid":"6540d9f5bbd5a36d6ff79a6c"}}],"steps":[],"preferenceSettings":{"email":true,"sms":true,"in_app":true,"chat":true,"push":true},"_environmentId":{"$oid":"64cb24c6c71ed8ee9174f74b"},"_organizationId":{"$oid":"64cb24c6c71ed8ee9174f71f"},"_creatorId":{"$oid":"64cb24c1c71ed8ee9174f716"},"_parentId":{"$oid":"6540d9f5bbd5a36d6ff79a6b"},"deleted":false,"createdAt":{"$date":"2023-12-28T08:52:18.539Z"},"updatedAt":{"$date":"2023-12-28T08:52:18.539Z"},"__v":0}
{"_id":{"$oid":"658d3743b6e105c17a5ed025"},"name":"Data-import-success","active":true,"draft":false,"critical":true,"isBlueprint":false,"_notificationGroupId":{"$oid":"64f2f9b1b873e8d1600991f9"},"tags":[],"triggers":[{"type":"event","identifier":"data-import-success","variables":[{"name":"Url","type":"String","_id":{"$oid":"6597e765b6e105c17a60e399"}}],"reservedVariables":[],"subscriberVariables":[{"name":"email","_id":{"$oid":"6597e765b6e105c17a60e398"}}],"_id":{"$oid":"657bfe35b6e105c17a5cde31"}}],"steps":[{"active":true,"replyCallback":{"active":false},"shouldStopOnFail":false,"uuid":"35bd7f75-3f18-42a4-8b59-fef04e1497e9","name":"Email","filters":[{"children":[],"_id":{"$oid":"657bfe5fb6e105c17a5cde6a"}}],"_templateId":{"$oid":"658d3743b6e105c17a5ed01b"},"_parentId":null,"metadata":{"timed":{"weekDays":[],"monthDays":[]}},"_id":{"$oid":"657bfe5fb6e105c17a5cde60"}}],"preferenceSettings":{"email":true,"sms":true,"in_app":true,"chat":true,"push":true},"_environmentId":{"$oid":"64cb24c6c71ed8ee9174f74b"},"_organizationId":{"$oid":"64cb24c6c71ed8ee9174f71f"},"_creatorId":{"$oid":"64cb24c1c71ed8ee9174f716"},"_parentId":{"$oid":"657bfe35b6e105c17a5cde30"},"deleted":false,"createdAt":{"$date":"2023-12-28T08:52:19.29Z"},"updatedAt":{"$date":"2024-01-05T11:55:27.314Z"},"__v":0}
{"_id":{"$oid":"660d5ea4ad9b57846bdd0bcd"},"name":"Meeting Invite","active":true,"draft":false,"critical":true,"isBlueprint":false,"_notificationGroupId":{"$oid":"64f2f9b1b873e8d1600991f9"},"tags":[],"triggers":[{"type":"event","identifier":"meetinginvite","variables":[{"name":"URL","type":"String","_id":{"$oid":"65f17d7ead9b57846bdb37a7"}}],"reservedVariables":[],"subscriberVariables":[{"name":"email","_id":{"$oid":"65f17d7ead9b57846bdb37a6"}}],"_id":{"$oid":"65f03057ad9b57846bdafcaf"}}],"steps":[{"active":true,"replyCallback":{"active":false},"shouldStopOnFail":false,"uuid":"f8dbb30e-4d7c-430a-8981-cd4a13145e57","name":"Email","filters":[{"children":[],"_id":{"$oid":"65f030c9ad9b57846bdafd94"}}],"_templateId":{"$oid":"660d5ea4ad9b57846bdd0bc3"},"_parentId":null,"metadata":{"timed":{"weekDays":[],"monthDays":[]}},"_id":{"$oid":"65f030c9ad9b57846bdafd8a"}}],"preferenceSettings":{"email":true,"sms":true,"in_app":true,"chat":true,"push":true},"_environmentId":{"$oid":"64cb24c6c71ed8ee9174f74b"},"_organizationId":{"$oid":"64cb24c6c71ed8ee9174f71f"},"_creatorId":{"$oid":"64cb24c1c71ed8ee9174f716"},"_parentId":{"$oid":"65f03057ad9b57846bdafcae"},"deleted":false,"createdAt":{"$date":"2024-04-03T13:50:28.7Z"},"updatedAt":{"$date":"2024-04-03T13:50:28.7Z"},"__v":0}
